scenario,scenario_label,specification,ai_variable,indicator,beta_per_1pp,clustered_se,t_stat,p_value,ci95_low,ci95_high,effect_10pp_pct,n,clusters,r2_absorbing_ls
balanced_unweighted,"Muestra balanceada, sin ponderar",M1_country_sector_year_FE,ai_any_pct,Adopción general,0.0038704349072074384,0.001965073069179803,1.9696137349350118,0.049350833738247335,1.1031874701035015e-05,0.007729837939713841,3.946311998025309,627,209,0.8600807002987634
balanced_unweighted,"Muestra balanceada, sin ponderar",M2_entity_year_FE,ai_any_pct,Adopción general,-0.00165427541767331,0.0010310371219246599,-1.604477067309892,0.10936963621257179,-0.003680981711602355,0.00037243087625573527,-1.6406674231188578,627,209,0.9847334768746018
balanced_unweighted,"Muestra balanceada, sin ponderar",M3_entity_countryyear_FE,ai_any_pct,Adopción general,-0.0010706278884205311,0.0009285608838854805,-1.1529969730585505,0.24972877636977198,-0.002897133411060691,0.0007558776342196289,-1.0649170667633157,627,209,0.9893167797739608
balanced_unweighted,"Muestra balanceada, sin ponderar",M1_country_sector_year_FE,ai_ge2_pct,Dos o más tecnologías,0.001318132987525617,0.0022207698591250203,0.593547765478481,0.553043262174391,-0.0030434890772485326,0.005679755052299767,1.3268586568818685,625,209,0.8580304854689738
balanced_unweighted,"Muestra balanceada, sin ponderar",M2_entity_year_FE,ai_ge2_pct,Dos o más tecnologías,-0.002350437586102415,0.0011337678499781967,-2.073120688814395,0.03878060790483828,-0.004579112901580444,-0.0001217622706243854,-2.32302995489696,625,209,0.9847462614054641
balanced_unweighted,"Muestra balanceada, sin ponderar",M3_entity_countryyear_FE,ai_ge2_pct,Dos o más tecnologías,-0.0015338711811145784,0.0009849660797859939,-1.5572832532952268,0.12034743121044778,-0.003471369008175961,0.0004036266459468043,-1.5221672943737108,625,209,0.9891993952416317
balanced_unweighted,"Muestra balanceada, sin ponderar",M1_country_sector_year_FE,ai_ge3_pct,Tres o más tecnologías,-0.0006625783941029888,0.003254276637842764,-0.2036023570946959,0.8387360351505984,-0.00705425062830423,0.0057290938400982525,-0.6603881834186476,615,208,0.8575734905683079
balanced_unweighted,"Muestra balanceada, sin ponderar",M2_entity_year_FE,ai_ge3_pct,Tres o más tecnologías,-0.003711991683510051,0.0016911110159805978,-2.195001776011516,0.028731801568540716,-0.007036467812457448,-0.00038751555456265465,-3.643941871458223,615,208,0.9846611603116496
balanced_unweighted,"Muestra balanceada, sin ponderar",M3_entity_countryyear_FE,ai_ge3_pct,Tres o más tecnologías,-0.001913007907571231,0.0013986577144280037,-1.367745580521519,0.1723338406174637,-0.004664541803923524,0.0008385259887810613,-1.8948260361047353,615,208,0.989127969252372
balanced_unweighted,"Muestra balanceada, sin ponderar",M1_country_sector_year_FE,ai_workflow_pct,Procesos y decisiones,0.01169260675641826,0.0049236287614659036,2.374794551516317,0.017879667933898835,0.002022499126312029,0.02136271438652449,12.403632387509568,624,209,0.8621337433897166
balanced_unweighted,"Muestra balanceada, sin ponderar",M2_entity_year_FE,ai_workflow_pct,Procesos y decisiones,0.0007269702816940991,0.0018713244251219875,0.3884790215607374,0.6978622417629468,-0.0029515643532947804,0.004405504916682979,0.7296191255251605,624,209,0.9847066452469697
balanced_unweighted,"Muestra balanceada, sin ponderar",M3_entity_countryyear_FE,ai_workflow_pct,Procesos y decisiones,-0.000293514013142177,0.0016583737941911882,-0.1769890564903239,0.8596242625384993,-0.0035556877752112516,0.0029686597489268977,-0.29308368189309153,624,209,0.9892615645085938
balanced_unweighted,"Muestra balanceada, sin ponderar",M1_country_sector_year_FE,ai_production_pct,Producción,0.0037708914050789796,0.005437722346831782,0.6934689130047327,0.4883033653335278,-0.0069099742286945695,0.014451757038852528,3.8428916813715075,597,208,0.8550590415850551
balanced_unweighted,"Muestra balanceada, sin ponderar",M2_entity_year_FE,ai_production_pct,Producción,-0.004215861475124058,0.0021811589291245545,-1.932853869028318,0.05398536386828212,-0.008504300760305863,7.257781005774646e-05,-4.1282298257941274,597,208,0.9850263771922915
balanced_unweighted,"Muestra balanceada, sin ponderar",M3_entity_countryyear_FE,ai_production_pct,Producción,-0.0011099503543220543,0.0017605268566036705,-0.6304648805320248,0.5288579671259441,-0.004574132016081329,0.00235423130743722,-1.1038131330669887,597,208,0.9894073513595081
balanced_unweighted,"Muestra balanceada, sin ponderar",M1_country_sector_year_FE,ai_logistics_pct,Logística,0.03804129789455036,0.018640249260687226,2.040814871224949,0.04174441096795545,0.0014267995298264738,0.07465579625927424,46.28886068966578,590,208,0.8562279374905046
balanced_unweighted,"Muestra balanceada, sin ponderar",M2_entity_year_FE,ai_logistics_pct,Logística,0.005410349839564332,0.008714135147083675,0.6208705451825581,0.5350579979389709,-0.01172375715116972,0.022544456830298387,5.5593848771356535,590,208,0.9850341387758548
balanced_unweighted,"Muestra balanceada, sin ponderar",M3_entity_countryyear_FE,ai_logistics_pct,Logística,0.0010139570428003893,0.008167383922160125,0.12414710174812207,0.9012816682101015,-0.015058446099618634,0.01708636018521941,1.0191150056591436,590,208,0.9892188769377382
balanced_unweighted,"Muestra balanceada, sin ponderar",M1_country_sector_year_FE,ai_marketing_pct,Marketing y ventas,-0.0011179200133221777,0.0037112611684270197,-0.3012237518697712,0.7633547031515526,-0.00840747361715653,0.006171633590512175,-1.111694507860883,603,208,0.8562194654067523
balanced_unweighted,"Muestra balanceada, sin ponderar",M2_entity_year_FE,ai_marketing_pct,Marketing y ventas,-0.004477025410329103,0.001933684548602599,-2.3152821971735156,0.021113114045429926,-0.008278715185735065,-0.0006753356349231414,-4.378285643596036,603,208,0.9851439039309016
balanced_unweighted,"Muestra balanceada, sin ponderar",M3_entity_countryyear_FE,ai_marketing_pct,Marketing y ventas,-0.0037800025935809845,0.0021411088159723627,-1.7654416092179486,0.07846146550663291,-0.007992736315797907,0.0004327311286359387,-3.7094522238813377,603,208,0.9895419831919857
balanced_unweighted,"Muestra balanceada, sin ponderar",M1_country_sector_year_FE,ai_security_pct,Seguridad informática,0.00625744718029577,0.005963286448863368,1.0493286267488409,0.2944844315753743,-0.005455969676925416,0.017970864037516954,6.457373669139632,592,205,0.8564675244945491
balanced_unweighted,"Muestra balanceada, sin ponderar",M2_entity_year_FE,ai_security_pct,Seguridad informática,-0.002004613235485702,0.0025354428303868233,-0.790636338339313,0.4296442482011815,-0.0069897019466972216,0.002980475475725818,-1.9846544523261511,592,205,0.9848566397767048
balanced_unweighted,"Muestra balanceada, sin ponderar",M3_entity_countryyear_FE,ai_security_pct,Seguridad informática,-0.0012039346375383286,0.0023585678354456187,-0.5104515627852874,0.6101031633908454,-0.005844998801119985,0.0034371295260433275,-1.1967163413764026,592,205,0.989361563873893
