country_code,sector_code,year,gva_current_meur_na,gva_current_meur_na_status,gva_volume_2020_meur_na,gva_volume_2020_meur_na_status,na_deflator_cp_over_clv20,na_deflator_base,na_deflator_norm_2021
AT,C,2021,68975.9,,69818.1,,0.9879372254472693,0.9879372254472693,1.0
AT,C,2023,76173.9,,73144.4,,1.0414180716500512,0.9879372254472693,1.054133850638708
AT,C,2024,74774.0,,69025.4,,1.0832823859043195,0.9879372254472693,1.096509330756197
AT,F,2021,24531.2,,22582.3,,1.0863021038601028,1.0863021038601028,1.0
AT,F,2023,28395.0,,20058.4,,1.4156164001116738,1.0863021038601028,1.3031516693941532
AT,F,2024,28435.6,,19220.3,,1.4794566161818494,1.0863021038601028,1.3619200505317057
AT,G,2021,45801.0,,43579.6,,1.050973391219745,1.050973391219745,1.0
AT,G,2023,48312.8,,40554.5,,1.1913055271301582,1.050973391219745,1.133525869525151
AT,G,2024,47559.3,,39318.4,,1.2095939814438024,1.050973391219745,1.1509273132405042
AT,H,2021,17736.8,,17620.5,,1.006600266734769,1.006600266734769,1.0
AT,H,2023,22831.6,,21055.6,,1.0843481069169247,1.006600266734769,1.077238048460245
AT,H,2024,23971.1,,20741.6,,1.155701585220041,1.006600266734769,1.1481236628010538
AT,I,2021,8328.4,,7478.4,,1.113660676080445,1.113660676080445,1.0
AT,I,2023,17696.2,,14345.3,,1.2335887015259355,1.113660676080445,1.107688120826516
AT,I,2024,19115.7,,14298.0,,1.336949223667646,1.113660676080445,1.2004996246909518
AT,J,2021,15276.3,,15222.2,,1.0035540197868902,1.0035540197868902,1.0
AT,J,2023,16885.9,,16708.9,,1.0105931569403133,1.0035540197868902,1.0070142085175622
AT,J,2024,17436.3,,16995.7,,1.0259242043575727,1.0035540197868902,1.0222909620504863
AT,L,2021,35461.4,,35377.2,,1.00238006399602,1.00238006399602,1.0
AT,L,2023,40253.1,,36761.9,,1.0949678879492082,1.00238006399602,1.0923679822442636
AT,L,2024,43713.2,,37155.8,,1.1764838867686873,1.00238006399602,1.1736904284374898
AT,M,2021,20966.3,,20768.2,,1.0095386215464026,1.0095386215464026,1.0
AT,M,2023,23957.9,,22536.2,,1.0630851696381822,1.0095386215464026,1.0530406137506234
AT,M,2024,25067.5,,22274.2,,1.125405177290318,1.0095386215464026,1.1147717910647459
AT,N,2021,15829.0,,15663.2,,1.0105853210072016,1.0105853210072016,1.0
AT,N,2023,18693.3,,16829.4,,1.1107526115013011,1.0105853210072016,1.0991180936551381
AT,N,2024,19216.0,,16341.0,,1.175937825102503,1.0105853210072016,1.1636205282800889
BE,C,2021,54373.8,,52876.7,,1.0283130376895684,1.0283130376895684,1.0
BE,C,2023,72062.6,,60328.2,,1.1945093670953222,1.0283130376895684,1.1616203658947732
BE,C,2024,70943.6,p,59064.7,p,1.2011167414716406,1.0283130376895684,1.1680458162529288
BE,F,2021,24533.6,,23705.3,,1.0349415531547796,1.0349415531547796,1.0
BE,F,2023,29771.7,,24014.1,,1.2397591415043663,1.0349415531547796,1.1979025653431807
BE,F,2024,30118.5,p,24338.1,p,1.2375041601439718,1.0349415531547796,1.195723716350674
BE,G,2021,55037.5,,54118.2,,1.0169868916556724,1.0169868916556724,1.0
BE,G,2023,61154.6,,52937.1,,1.1552313972620336,1.0169868916556724,1.1359353859333396
BE,G,2024,62416.2,p,52940.6,p,1.1789855045088269,1.0169868916556724,1.159292724598857
BE,H,2021,24749.1,,23501.0,,1.053108378366878,1.053108378366878,1.0
BE,H,2023,30526.3,,24812.2,,1.2302939682897929,1.053108378366878,1.168250099954278
BE,H,2024,31052.6,p,24273.9,p,1.2792587923654624,1.053108378366878,1.2147456222400301
BE,I,2021,6483.5,,6365.8,,1.018489427880235,1.018489427880235,1.0
BE,I,2023,10683.2,,9569.6,,1.1163685002507941,1.018489427880235,1.0961021977167433
BE,I,2024,11135.4,p,9606.7,p,1.159128524883675,1.018489427880235,1.1380859664848457
BE,J,2021,20397.8,,20454.5,,0.9972279938399863,0.9972279938399863,1.0
BE,J,2023,23536.6,,22708.1,,1.0364847785591926,0.9972279938399863,1.0393659072566162
BE,J,2024,24579.0,p,23462.7,p,1.0475776445166156,0.9972279938399863,1.0504896081815251
BE,L,2021,43691.5,,43134.7,,1.0129084008930167,1.0129084008930167,1.0
BE,L,2023,55667.1,,46155.1,,1.2060877346165428,1.0129084008930167,1.1907174760849177
BE,L,2024,56274.2,p,46288.9,p,1.2157169429388037,1.0129084008930167,1.2002239707627893
BE,M,2021,47906.3,,47763.5,,1.002989730652067,1.002989730652067,1.0
BE,M,2023,57302.4,,52022.6,,1.101490506049294,1.002989730652067,1.0982071624334473
BE,M,2024,60519.6,p,54147.9,p,1.117672153490717,1.002989730652067,1.1143405753158533
BE,N,2021,23681.3,,23375.6,,1.0130777391810264,1.0130777391810264,1.0
BE,N,2023,26688.9,,23666.6,,1.1277031766286667,1.0130777391810264,1.1131457468804948
BE,N,2024,28398.7,p,24260.8,p,1.1705590912088637,1.0130777391810264,1.1554484379008718
BG,C,2021,8003.6,,8058.6,,0.9931749931749931,0.9931749931749931,1.0
BG,C,2023,12714.0,,10891.1,,1.1673751962611674,0.9931749931749931,1.1753972907929235
BG,C,2024,13092.1,,10557.7,,1.2400522841149113,0.9931749931749931,1.2485738088820562
BG,F,2021,2477.1,,2293.0,,1.0802878325337986,1.0802878325337986,1.0
BG,F,2023,3666.7,,2506.3,,1.462993256992379,1.0802878325337986,1.3542624594418977
BG,F,2024,4376.1,,2782.0,,1.573005032350827,1.0802878325337986,1.4560980740302958
BG,G,2021,9985.4,,8572.6,,1.1648041434337306,1.1648041434337306,1.0
BG,G,2023,12932.7,,8884.5,,1.455647475941246,1.1648041434337306,1.249692906869422
BG,G,2024,14670.3,,9879.5,,1.484923326079255,1.1648041434337306,1.2748266173760712
BG,H,2021,3035.4,,3071.3,,0.9883111386058021,0.9883111386058021,1.0
BG,H,2023,3910.2,,3393.4,,1.1522956326987681,0.9883111386058021,1.165923956219189
BG,H,2024,4376.2,,3619.5,,1.209062025141594,0.9883111386058021,1.2233617308484475
BG,I,2021,1420.5,,1409.1,,1.0080902703853525,1.0080902703853525,1.0
BG,I,2023,2361.5,,1662.2,,1.4207074960895199,1.0080902703853525,1.4093058308621909
BG,I,2024,2741.5,,1756.1,,1.5611297762086442,1.0080902703853525,1.548601173991975
BG,J,2021,4867.4,,4833.0,,1.007117732257397,1.007117732257397,1.0
BG,J,2023,6846.6,,5140.5,,1.3318937846512986,1.007117732257397,1.3224807209639082
BG,J,2024,7736.9,,5224.7,,1.4808314352977203,1.007117732257397,1.4703657654587425
BG,L,2021,5619.9,,5582.3,,1.006735574942228,1.006735574942228,1.0
BG,L,2023,7177.3,,6257.2,,1.1470466023141341,1.006735574942228,1.1393722749689839
BG,L,2024,7327.5,,6092.7,,1.202668767541484,1.006735574942228,1.194622299515441
BG,M,2021,2752.7,,2717.5,,1.012953081876725,1.012953081876725,1.0
BG,M,2023,3577.0,,2839.0,,1.259950686861571,1.012953081876725,1.2438391366826458
BG,M,2024,4010.0,,2943.9,,1.3621386596012093,1.012953081876725,1.3447203863357018
BG,N,2021,1566.3,,1546.6,,1.0127376180007759,1.0127376180007759,1.0
BG,N,2023,2268.6,,1833.4,,1.2373731864295843,1.0127376180007759,1.2218102343944295
BG,N,2024,2640.0,,1904.2,,1.3864089906522423,1.0127376180007759,1.368971553944173
CY,C,2021,1280.9,,1242.9,,1.0305736583795961,1.0305736583795961,1.0
CY,C,2023,1506.1,,1260.1,,1.195222601380843,1.0305736583795961,1.15976436197693
CY,C,2024,1549.5,,1295.3,,1.1962479734424458,1.0305736583795961,1.1607593146940556
CY,F,2021,1261.0,,1243.3,,1.0142363066033941,1.0142363066033941,1.0
CY,F,2023,1594.9,,1320.1,,1.2081660480266647,1.0142363066033941,1.1912076506832294
CY,F,2024,1729.9,,1389.6,,1.2448906160046058,1.0142363066033941,1.2274167350345175
CY,G,2021,2949.3,,2786.3,,1.0585005204034024,1.0585005204034024,1.0
CY,G,2023,3362.1,,2545.8,,1.3206457695027103,1.0585005204034024,1.2476571754536336
CY,G,2024,3583.5,,2651.8,,1.3513462553737083,1.0585005204034024,1.2766609267784774
CY,H,2021,1196.1,,1188.1,,1.0067334399461325,1.0067334399461325,1.0
CY,H,2023,1523.9,,1367.4,,1.1144507825069474,1.0067334399461325,1.106996885458159
CY,H,2024,1548.4,,1373.9,,1.127010699468666,1.0067334399461325,1.1194727966212874
CY,I,2021,979.5,,979.0,,1.0005107252298264,1.0005107252298264,1.0
CY,I,2023,1829.0,,1629.5,,1.1224301933108316,1.0005107252298264,1.1218572325179215
CY,I,2024,2034.8,,1730.5,,1.1758451314648946,1.0005107252298264,1.1752449042410738
CY,J,2021,2026.9,,2006.0,,1.010418743768694,1.010418743768694,1.0
CY,J,2023,3053.3,,2963.7,,1.030232479670682,1.010418743768694,1.0196094302725285
CY,J,2024,3586.2,,3299.8,,1.0867931389781198,1.010418743768694,1.075586874927282
CY,L,2021,2339.6,,2290.9,,1.021258020865162,1.021258020865162,1.0
CY,L,2023,2899.4,,2639.9,,1.0982991779991667,1.021258020865162,1.0754375050770606
CY,L,2024,3121.6,,2694.1,,1.1586800786904718,1.021258020865162,1.1345615456796043
CY,M,2021,1905.2,,1862.9,,1.022706532825165,1.022706532825165,1.0
CY,M,2023,2075.5,,1861.0,,1.115260612573885,1.022706532825165,1.090499157654782
CY,M,2024,2152.0,,1900.5,,1.1323335964219943,1.022706532825165,1.1071930803981385
CY,N,2021,534.3,,522.9,,1.0218014916810096,1.0218014916810096,1.0
CY,N,2023,762.3,,686.5,,1.1104151493080845,1.0218014916810096,1.0867229675710228
CY,N,2024,803.8,,712.6,,1.1279820376087566,1.0218014916810096,1.1039150429826294
CZ,C,2021,48319.2,,46548.7,,1.038035433857444,1.038035433857444,1.0
CZ,C,2023,65201.7,,52394.4,,1.2444402455224222,1.038035433857444,1.1988417783562137
CZ,C,2024,64824.7,,51663.5,,1.2547485168445807,1.038035433857444,1.208772336587595
CZ,F,2021,12174.5,,10757.5,,1.1317220543806648,1.1317220543806648,1.0
CZ,F,2023,16416.1,,10193.7,,1.610416237480012,1.1317220543806648,1.4229785760968603
CZ,F,2024,16564.7,,10416.6,,1.5902213774168155,1.1317220543806648,1.4051342122930215
CZ,G,2021,25119.7,,22908.9,,1.096503978802998,1.096503978802998,1.0
CZ,G,2023,30864.1,,20646.4,,1.4948901503409793,1.096503978802998,1.36332396346877
CZ,G,2024,29594.0,,20898.0,,1.4161163747727055,1.096503978802998,1.2914831155638973
CZ,H,2021,11487.5,,11255.4,,1.0206212129289052,1.0206212129289052,1.0
CZ,H,2023,14853.3,,12071.6,,1.230433413963352,1.0206212129289052,1.2055730356929804
CZ,H,2024,15401.2,,12643.5,,1.218112073397398,1.0206212129289052,1.1935006425172643
CZ,I,2021,2836.0,,2571.3,,1.1029440360906932,1.1029440360906932,1.0
CZ,I,2023,5221.3,,2688.6,,1.9420144313025367,1.1029440360906932,1.7607551858985238
CZ,I,2024,5343.4,,2540.7,,2.103121187074428,1.1029440360906932,1.9068249324134268
CZ,J,2021,15299.5,,14534.6,,1.0526261472623946,1.0526261472623946,1.0
CZ,J,2023,20220.4,,16270.3,,1.2427797889405852,1.0526261472623946,1.1806468917504382
CZ,J,2024,20153.3,,16650.9,,1.2103429844633022,1.0526261472623946,1.1498317684878796
CZ,L,2021,28395.4,,24821.3,,1.1439932638499999,1.1439932638499999,1.0
CZ,L,2023,35556.8,,25439.8,,1.3976839440561641,1.1439932638499999,1.221758893363054
CZ,L,2024,36311.3,,25581.3,,1.4194470179388852,1.1439932638499999,1.2407826713610812
CZ,M,2021,11688.3,,11324.9,,1.0320885835636517,1.0320885835636517,1.0
CZ,M,2023,15093.3,,12393.9,,1.217800692276039,1.0320885835636517,1.1799381484011289
CZ,M,2024,15754.2,,12696.4,,1.2408399231278158,1.0320885835636517,1.2022610683700967
CZ,N,2021,4021.7,,3817.9,,1.053380130438199,1.053380130438199,1.0
CZ,N,2023,5873.7,,4320.0,,1.3596527777777778,1.053380130438199,1.290752254091001
CZ,N,2024,6075.8,,4580.5,,1.3264490776116145,1.053380130438199,1.2592311543410457
DE,C,2021,683907.0,,697639.1,,0.9803163268801878,0.9803163268801878,1.0
DE,C,2023,799148.0,p,700260.3,p,1.1412156308161407,0.9803163268801878,1.1641299849080426
DE,C,2024,779505.0,p,670275.7,p,1.1629617484268042,0.9803163268801878,1.1863127406312586
DE,F,2021,162155.0,,149595.9,,1.0839535040733068,1.0839535040733068,1.0
DE,F,2023,187208.0,p,126976.2,p,1.4743550366131606,1.0839535040733068,1.3601644637641683
DE,F,2024,193155.0,p,122133.6,p,1.5815058264064925,1.0839535040733068,1.4590162958682928
DE,G,2021,354424.0,,341623.4,,1.0374699157024958,1.0374699157024958,1.0
DE,G,2023,409495.0,p,329387.4,p,1.243201773959781,1.0374699157024958,1.1983015171268645
DE,G,2024,408078.0,p,328639.6,p,1.2417188920629165,1.0374699157024958,1.1968721919248317
DE,H,2021,155157.0,,144300.5,,1.0752353595448387,1.0752353595448387,1.0
DE,H,2023,167868.0,p,156396.6,p,1.0733481418394006,1.0752353595448387,0.9982448329208249
DE,H,2024,178189.0,p,159020.0,p,1.1205445855867187,1.0752353595448387,1.0421388913968193
DE,I,2021,36210.0,,34580.9,,1.0471098207391942,1.0471098207391942,1.0
DE,I,2023,69775.0,p,57480.7,p,1.213885704245077,1.0471098207391942,1.159272580776818
DE,I,2024,71029.0,p,56931.7,p,1.2476177595258882,1.0471098207391942,1.19148701961858
DE,J,2021,167800.0,,166981.7,,1.004900537004953,1.004900537004953,1.0
DE,J,2023,185650.0,p,182698.9,p,1.01615280661241,1.004900537004953,1.0111973963522733
DE,J,2024,191267.0,p,186538.9,p,1.025346455886681,1.004900537004953,1.0203462115192672
DE,L,2021,339710.0,,338136.3,,1.0046540403973192,1.0046540403973192,1.0
DE,L,2023,374433.0,p,350496.9,p,1.0682919021537707,1.0046540403973192,1.0633430605935592
DE,L,2024,387275.0,p,355128.0,p,1.0905222905543916,1.0046540403973192,1.0854704671501778
DE,M,2021,238914.0,,235571.5,,1.0141888980627962,1.0141888980627962,1.0
DE,M,2023,267634.0,p,241140.4,p,1.1098679441520376,1.0141888980627962,1.0943404589342263
DE,M,2024,278550.0,p,245354.8,p,1.1352946834543283,1.0141888980627962,1.1194114682411298
DE,N,2021,158092.0,,150708.5,,1.0489919281261508,1.0489919281261508,1.0
DE,N,2023,197545.0,p,160980.5,p,1.2271362059379862,1.0489919281261508,1.1698242598778243
DE,N,2024,201597.0,p,160346.6,p,1.2572577154738547,1.0489919281261508,1.1985389799135404
DK,C,2021,43101.5,,46008.6,,0.9368139869502659,0.9368139869502659,1.0
DK,C,2023,58462.9,,57953.9,,1.0087828429147996,0.9368139869502659,1.0768229947108534
DK,C,2024,69238.3,,68376.2,,1.0126081882292377,0.9368139869502659,1.0809063510310246
DK,F,2021,16002.2,,15095.4,,1.0600712799925807,1.0600712799925807,1.0
DK,F,2023,17018.6,,13729.7,,1.2395463848445338,1.0600712799925807,1.169304751708026
DK,F,2024,17430.9,,13844.6,,1.2590396255579794,1.0600712799925807,1.1876933648903225
DK,G,2021,39647.0,,38775.5,,1.0224755322304033,1.0224755322304033,1.0
DK,G,2023,41149.8,,36842.2,,1.1169202707764467,1.0224755322304033,1.0923687027894193
DK,G,2024,42046.6,,36790.5,,1.1428656854350987,1.0224755322304033,1.1177437986629168
DK,H,2021,24410.5,,15696.6,,1.5551457003427493,1.5551457003427493,1.0
DK,H,2023,20057.5,,17080.2,,1.1743129471551854,1.5551457003427493,0.7551144223312134
DK,H,2024,22255.2,,16292.5,,1.3659782108332055,1.5551457003427493,0.8783602787392513
DK,I,2021,3475.4,,3290.1,,1.056320476581259,1.056320476581259,1.0
DK,I,2023,5431.8,,4454.3,,1.2194508677008733,1.056320476581259,1.154432669569731
DK,I,2024,5690.3,,4670.6,,1.2183231276495525,1.056320476581259,1.1533650579155759
DK,J,2021,13826.5,,13819.7,,1.0004920512022693,1.0004920512022693,1.0
DK,J,2023,15430.4,,15433.6,,0.9997926601700187,1.0004920512022693,0.9993009529346983
DK,J,2024,16127.7,,15928.6,,1.0124995291488266,1.0004920512022693,1.0120015725583509
DK,L,2021,31859.8,,32229.0,,0.9885444785751962,0.9885444785751962,1.0
DK,L,2023,35227.7,,34723.8,,1.0145116605901425,0.9885444785751962,1.0262680967601712
DK,L,2024,36124.3,,35383.3,,1.0209420828469928,0.9885444785751962,1.0327730364935037
DK,M,2021,21076.0,,20593.2,,1.0234446322086903,1.0234446322086903,1.0
DK,M,2023,21229.8,,19720.6,,1.0765291116903137,1.0234446322086903,1.051868442914261
DK,M,2024,24407.5,,21755.8,,1.1218847387823017,1.0234446322086903,1.096185082686074
DK,N,2021,9124.4,,8989.0,,1.0150628546000666,1.0150628546000666,1.0
DK,N,2023,9840.2,,8822.2,,1.1153907188683094,1.0150628546000666,1.0988390657914202
DK,N,2024,10193.5,,8906.5,,1.1445012069836635,1.0150628546000666,1.1275175737118224
EE,C,2021,4098.7,,3763.7,,1.089008156866913,1.089008156866913,1.0
EE,C,2023,4360.2,,3227.8,,1.350827188797323,1.089008156866913,1.2404197161237671
EE,C,2024,4436.0,,3280.4,,1.3522741129130593,1.089008156866913,1.2417483784543588
EE,F,2021,1810.2,,1733.1,,1.0444867578327852,1.0444867578327852,1.0
EE,F,2023,2200.3,,1671.1,,1.316677637484292,1.0444867578327852,1.260597731479409
EE,F,2024,2280.1,,1499.7,,1.5203707408148295,1.0444867578327852,1.4556151424738597
EE,G,2021,3455.6,,3589.7,,0.9626431178092877,0.9626431178092877,1.0
EE,G,2023,3902.9,,3257.3,,1.1982009639885796,0.9626431178092877,1.244699039365032
EE,G,2024,4002.8,,3302.3,,1.2121248826575417,0.9626431178092877,1.2591632976258182
EE,H,2021,1781.1,,1775.3,,1.003267053455754,1.003267053455754,1.0
EE,H,2023,1811.0,,1589.3,,1.139495375322469,1.003267053455754,1.1357847059738249
EE,H,2024,1749.1,,1542.6,,1.1338649034098276,1.003267053455754,1.1301725692119853
EE,I,2021,347.7,,348.0,,0.9991379310344827,0.9991379310344827,1.0
EE,I,2023,637.5,,503.4,,1.266388557806913,0.9991379310344827,1.2674812140259009
EE,I,2024,679.1,,492.3,,1.379443428803575,0.9991379310344827,1.3806336302089277
EE,J,2021,1885.7,,1711.4,,1.101846441509875,1.101846441509875,1.0
EE,J,2023,3034.1,,2249.0,,1.3490884837705646,1.101846441509875,1.22438883763321
EE,J,2024,3040.2,,2122.7,,1.4322325340368398,1.101846441509875,1.2998476739410552
EE,L,2021,3178.3,,3087.9,,1.0292755594416918,1.0292755594416918,1.0
EE,L,2023,3560.6,,2964.1,,1.2012415235653318,1.0292755594416918,1.167074757139788
EE,L,2024,3706.8,,3256.1,,1.13841712478118,1.0292755594416918,1.1060372650825303
EE,M,2021,1754.2,,1731.6,,1.0130515130515132,1.0130515130515132,1.0
EE,M,2023,1991.0,,1771.5,,1.1239062941010443,1.0130515130515132,1.1094265983726872
EE,M,2024,2161.5,,1803.8,,1.198303581328307,1.0130515130515132,1.1828653981462183
EE,N,2021,952.8,,939.4,,1.0142644241004897,1.0142644241004897,1.0
EE,N,2023,1360.9,,1163.1,,1.170062763304961,1.0142644241004897,1.1536072206640222
EE,N,2024,1390.3,,1077.3,,1.2905411677341503,1.0142644241004897,1.2723912394725658
EL,C,2021,15994.5,,16014.9,,0.9987261862390648,0.9987261862390648,1.0
EL,C,2023,20104.7,p,18048.2,p,1.1139448809299541,0.9987261862390648,1.1153656490421784
EL,C,2024,21462.2,p,19536.4,p,1.098574967752503,0.9987261862390648,1.0999761324867647
EL,F,2021,3025.8,,3095.0,,0.9776413570274637,0.9776413570274637,1.0
EL,F,2023,4438.8,p,3709.9,p,1.1964742984986119,0.9776413570274637,1.2238376475157655
EL,F,2024,4574.0,p,3948.1,p,1.158531952078215,0.9776413570274637,1.1850275602095561
EL,G,2021,19137.8,,17610.8,,1.086708156358598,1.086708156358598,1.0
EL,G,2023,21785.5,p,17354.6,p,1.255315593560209,1.086708156358598,1.1551542943844186
EL,G,2024,22369.1,p,17597.3,p,1.2711665994215022,1.086708156358598,1.1697405526806735
EL,H,2021,9966.8,,10253.1,,0.9720767377671142,0.9720767377671142,1.0
EL,H,2023,13050.5,p,11075.1,p,1.1783640779767226,0.9720767377671142,1.2122130200167693
EL,H,2024,13106.1,p,11165.9,p,1.1737611836036506,0.9720767377671142,1.2074779058079415
EL,I,2021,8449.1,,8676.5,,0.9737912752838126,0.9737912752838126,1.0
EL,I,2023,13737.1,p,11727.7,p,1.1713379435012832,0.9737912752838126,1.2028634608169964
EL,I,2024,15068.2,p,11762.6,p,1.2810263037083638,0.9737912752838126,1.3155039855281176
EL,J,2021,6142.1,,6208.9,,0.9892412504630451,0.9892412504630451,1.0
EL,J,2023,6953.8,p,7284.2,p,0.9546415529502211,0.9892412504630451,0.9650240045119141
EL,J,2024,7507.8,p,7874.0,p,0.953492506985014,0.9892412504630451,0.9638624617995885
EL,L,2021,28546.0,,28535.7,,1.0003609513696878,1.0003609513696878,1.0
EL,L,2023,32241.4,p,30510.5,p,1.0567312892282985,1.0003609513696878,1.0563499982495606
EL,L,2024,32520.0,p,29263.2,p,1.111293365045518,1.0003609513696878,1.1108923869168845
EL,M,2021,6570.8,,6586.6,,0.9976011902954484,0.9976011902954484,1.0
EL,M,2023,8133.7,p,8007.1,p,1.0158109677661076,0.9976011902954484,1.0182535642978396
EL,M,2024,8774.7,p,7332.1,p,1.1967512718048037,0.9976011902954484,1.1996289533800328
EL,N,2021,2931.5,,2857.8,,1.0257890685142417,1.0257890685142417,1.0
EL,N,2023,4500.1,p,3803.0,p,1.1833026557980542,1.0257890685142417,1.1535535834008799
EL,N,2024,5242.9,p,4252.7,p,1.2328403132127825,1.0257890685142417,1.2018458287905476
ES,C,2021,139066.0,,139604.0,,0.9961462422280164,0.9961462422280164,1.0
ES,C,2023,164020.0,p,149643.0,p,1.0960753259424096,0.9961462422280164,1.1003156760305477
ES,C,2024,172896.0,p,153558.0,p,1.1259328722697612,0.9961462422280164,1.1302887312524108
ES,F,2021,65544.0,,63050.0,,1.0395559080095162,1.0395559080095162,1.0
ES,F,2023,78819.0,p,69412.0,p,1.1355241168674004,1.0395559080095162,1.0923165441305016
ES,F,2024,82843.0,p,72721.0,p,1.1391895050948144,1.0395559080095162,1.0958424614949964
ES,G,2021,154401.0,,144760.0,,1.06659988947223,1.06659988947223,1.0
ES,G,2023,179114.0,p,152098.0,p,1.1776223224499993,1.06659988947223,1.1040900473304052
ES,G,2024,186523.0,p,156158.0,p,1.1944504924499546,1.06659988947223,1.1198674444275323
ES,H,2021,43806.0,,46403.0,,0.9440337909186906,0.9440337909186906,1.0
ES,H,2023,59056.0,p,56252.0,p,1.0498471165469672,0.9440337909186906,1.1120863751342036
ES,H,2024,65272.0,p,59635.0,p,1.0945250272490987,0.9440337909186906,1.1594129762918306
ES,I,2021,50201.0,,50698.0,,0.9901968519468224,0.9901968519468224,1.0
ES,I,2023,86074.0,p,81782.0,p,1.0524809860360471,0.9901968519468224,1.0629007595477284
ES,I,2024,97783.0,p,88314.0,p,1.10721969336685,0.9901968519468224,1.1181813910940532
ES,J,2021,43558.0,,43876.0,,0.9927523019418361,0.9927523019418361,1.0
ES,J,2023,55845.0,p,53922.0,p,1.0356626237899187,0.9927523019418361,1.0432235934020495
ES,J,2024,58830.0,p,55581.0,p,1.0584552275058023,0.9927523019418361,1.0661825970440466
ES,L,2021,138045.0,,138473.0,,0.9969091447430185,0.9969091447430185,1.0
ES,L,2023,159783.0,p,149976.0,p,1.0653904624739958,0.9969091447430185,1.0686936398287632
ES,L,2024,167217.0,p,155675.0,p,1.0741416412397624,0.9969091447430185,1.0774719510840205
ES,M,2021,59000.0,,60470.0,,0.9756904250041343,0.9756904250041343,1.0
ES,M,2023,71935.0,p,68855.0,p,1.0447316825212403,0.9756904250041343,1.0707614380010069
ES,M,2024,74860.0,p,71335.0,p,1.0494147333006238,0.9756904250041343,1.0755611681811648
ES,N,2021,42823.0,,43135.0,,0.9927668946331285,0.9927668946331285,1.0
ES,N,2023,52984.0,p,50538.0,p,1.0483992243460367,0.9927668946331285,1.0560376559831468
ES,N,2024,56843.0,p,53170.0,p,1.0690803084446117,0.9927668946331285,1.0768694184143643
FI,C,2021,37166.0,,34080.2,,1.0905452432790887,1.0905452432790887,1.0
FI,C,2023,39433.0,,30555.2,,1.2905495627585484,1.0905452432790887,1.1833984611936683
FI,C,2024,39210.0,,32110.6,,1.221092100427896,1.0905452432790887,1.1197078781951995
FI,F,2021,14924.0,,15352.4,,0.9720955681196426,0.9720955681196426,1.0
FI,F,2023,14921.0,,13585.9,,1.0982710015530808,0.9720955681196426,1.1297973548809646
FI,F,2024,13900.0,,12795.2,,1.0863448793297485,0.9720955681196426,1.1175288880609777
FI,G,2021,19070.0,,18831.9,,1.0126434401202216,1.0126434401202216,1.0
FI,G,2023,20439.0,,16602.1,,1.2311093174959795,1.0126434401202216,1.2157382043079463
FI,G,2024,20280.0,,16350.6,,1.2403214560933544,1.0126434401202216,1.2248353240170131
FI,H,2021,8250.0,,8082.9,,1.0206732732063988,1.0206732732063988,1.0
FI,H,2023,10126.0,,7990.8,,1.2672072883816388,1.0206732732063988,1.2415405807587814
FI,H,2024,10025.0,,7938.1,,1.2628966629294163,1.0206732732063988,1.2373172650657185
FI,I,2021,2562.0,,2525.8,,1.0143320928022803,1.0143320928022803,1.0
FI,I,2023,4112.0,,3705.2,,1.1097916441757532,1.0143320928022803,1.0941107474079304
FI,I,2024,4313.0,,3660.3,,1.1783187170450509,1.0143320928022803,1.161669561089926
FI,J,2021,13796.0,,13993.5,,0.9858863043555937,0.9858863043555937,1.0
FI,J,2023,15062.0,,14988.5,,1.0049037595489876,0.9858863043555937,1.0192897042076514
FI,J,2024,15885.0,,15551.4,,1.021451444885991,0.9858863043555937,1.0360742819666653
FI,L,2021,28221.0,,28210.3,,1.0003792940876206,1.0003792940876206,1.0
FI,L,2023,29943.0,,29957.6,,0.9995126445376132,1.0003792940876206,0.9991336790404106
FI,L,2024,30438.0,,29768.4,,1.0224936509856088,1.0003792940876206,1.022105972233419
FI,M,2021,11745.0,,11657.5,,1.0075058974908857,1.0075058974908857,1.0
FI,M,2023,12609.0,,12162.8,,1.0366856315979873,1.0075058974908857,1.0289623457091135
FI,M,2024,12880.0,,11935.7,,1.0791155943932906,1.0075058974908857,1.0710762061847412
FI,N,2021,7788.0,,7600.9,,1.0246155060584932,1.0246155060584932,1.0
FI,N,2023,8599.0,,8092.2,,1.0626282098811202,1.0246155060584932,1.0370994813155374
FI,N,2024,9123.0,,8404.0,,1.0855544978581628,1.0246155060584932,1.0594749849473688
FR,C,2021,228132.6,,232844.8,,0.9797624855697873,0.9797624855697873,1.0
FR,C,2023,287169.2,,239888.8,,1.19709298641704,0.9797624855697873,1.2218195777529315
FR,C,2024,298287.7,p,250158.6,p,1.1923943450275145,0.9797624855697873,1.2170238834303497
FR,F,2021,125991.1,,122587.4,,1.0277654962908098,1.0277654962908098,1.0
FR,F,2023,142708.5,,123077.4,,1.159502069429481,1.0277654962908098,1.1281776568819508
FR,F,2024,145655.7,p,123132.7,p,1.1829164795379294,1.0277654962908098,1.150959517328668
FR,G,2021,227549.8,,220718.4,,1.0309507499148236,1.0309507499148236,1.0
FR,G,2023,249764.5,,215488.1,,1.1590640039983646,1.0309507499148236,1.1242670943244628
FR,G,2024,251366.4,p,217004.6,p,1.1583459521134574,1.0309507499148236,1.1235705994773844
FR,H,2021,109418.9,,97103.5,,1.1268275602836149,1.1268275602836149,1.0
FR,H,2023,116983.1,,110831.4,,1.0555050283583896,1.1268275602836149,0.9367050164203705
FR,H,2024,123823.2,p,110678.5,p,1.118764710399942,1.1268275602836149,0.9928446461838017
FR,I,2021,32353.9,,32523.0,,0.994800602650432,0.994800602650432,1.0
FR,I,2023,61442.1,,61854.4,,0.9933343464652473,0.994800602650432,0.9985260803207415
FR,I,2024,68720.8,p,66272.8,p,1.0369382310691566,0.994800602650432,1.0423578637834134
FR,J,2021,124843.4,,126648.4,,0.9857479447036046,0.9857479447036046,1.0
FR,J,2023,138234.7,,144219.8,,0.9585001504647769,0.9857479447036046,0.9723582540696845
FR,J,2024,144044.4,p,147433.2,p,0.9770146751206648,0.9857479447036046,0.9911404638174866
FR,L,2021,310139.4,,309241.5,,1.0029035559586925,1.0029035559586925,1.0
FR,L,2023,372697.4,,319318.3,,1.1671658028994893,1.0029035559586925,1.1637866831410082
FR,L,2024,380347.3,p,318979.1,p,1.192389407331076,1.0029035559586925,1.1889372614610492
FR,M,2021,192205.5,,191224.8,,1.0051285188950387,1.0051285188950387,1.0
FR,M,2023,210556.8,,198222.3,,1.0622255921760568,1.0051285188950387,1.0568057439498246
FR,M,2024,219963.3,p,204043.9,p,1.0780194850225857,1.0051285188950387,1.072519050805242
FR,N,2021,127420.8,,126828.1,,1.004673254586326,1.004673254586326,1.0
FR,N,2023,149283.1,,134169.3,,1.1126472300295225,1.004673254586326,1.10747173267557
FR,N,2024,158894.5,p,138468.1,p,1.1475170093328355,1.004673254586326,1.1421793146124164
HR,C,2021,6807.1,,6803.4,,1.0005438457241969,1.0005438457241969,1.0
HR,C,2023,9680.3,,7202.9,,1.3439448000111065,1.0005438457241969,1.3432142986581013
HR,C,2024,9000.9,p,7003.8,p,1.2851452068876894,1.0005438457241969,1.2844466660603935
HR,F,2021,2901.7,,2946.5,,0.9847955201086034,0.9847955201086034,1.0
HR,F,2023,4857.6,,3645.0,,1.3326748971193416,0.9847955201086034,1.3532503650832755
HR,F,2024,5452.7,p,4196.1,p,1.2994685541336002,0.9847955201086034,1.3195313418873946
HR,G,2021,5743.0,,5871.3,,0.9781479399792209,0.9781479399792209,1.0
HR,G,2023,8322.9,,6526.5,,1.2752470696391633,0.9781479399792209,1.3037363956072472
HR,G,2024,8999.3,p,6989.0,p,1.2876377164115036,0.9781479399792209,1.3164038524058612
HR,H,2021,2533.9,,2470.7,,1.0255797951997412,1.0255797951997412,1.0
HR,H,2023,3599.2,,2943.1,,1.22292820495396,1.0255797951997412,1.1924261872922168
HR,H,2024,3302.5,p,3024.2,p,1.0920243370147478,1.0255797951997412,1.06478729605049
HR,I,2021,2435.2,,2331.8,,1.0443434256797322,1.0443434256797322,1.0
HR,I,2023,4565.9,,3314.3,,1.377636303291796,1.0443434256797322,1.319141069323181
HR,I,2024,5287.7,p,3522.4,p,1.5011639791051554,1.0443434256797322,1.437423688599459
HR,J,2021,2825.6,,2661.9,,1.0614974266501371,1.0614974266501371,1.0
HR,J,2023,3802.7,,3321.8,,1.1447709073393941,1.0614974266501371,1.0784490650646705
HR,J,2024,4040.8,p,3428.8,p,1.1784881007932804,1.0614974266501371,1.110212866471416
HR,L,2021,4432.3,,4242.1,,1.044836283915985,1.044836283915985,1.0
HR,L,2023,5565.8,,4635.9,,1.2005867253392006,1.044836283915985,1.1490668383370761
HR,L,2024,6121.6,p,4729.0,p,1.2944808627616833,1.044836283915985,1.2389317663338077
HR,M,2021,2521.1,,2503.5,,1.0070301577791092,1.0070301577791092,1.0
HR,M,2023,3756.7,,3065.1,,1.2256370102117387,1.0070301577791092,1.2170807405755772
HR,M,2024,4323.7,p,3123.4,p,1.3842927578920405,1.0070301577791092,1.3746288998384528
HR,N,2021,1062.7,,990.6,,1.072784171209368,1.072784171209368,1.0
HR,N,2023,1700.1,,1169.9,,1.453201128301564,1.072784171209368,1.3546071682464753
HR,N,2024,1935.2,p,1230.1,p,1.573205430452809,1.072784171209368,1.4664696522128096
HU,C,2021,25612.2,,25687.4,,0.9970724946861107,0.9970724946861107,1.0
HU,C,2023,33825.8,,25632.1,,1.319665575586862,0.9970724946861107,1.3235402466921997
HU,C,2024,32693.2,,24647.0,,1.3264575810443462,0.9970724946861107,1.3303521941621
HU,F,2021,8052.4,,7363.8,,1.0935115022135309,1.0935115022135309,1.0
HU,F,2023,10443.1,,7000.6,,1.4917435648372996,1.0935115022135309,1.3641772965512031
HU,F,2024,10547.7,,6972.3,,1.5128006540166086,1.0935115022135309,1.3834336913277412
HU,G,2021,14717.5,,14186.5,,1.0374299510097629,1.0374299510097629,1.0
HU,G,2023,17688.0,,13785.7,,1.2830686871178105,1.0374299510097629,1.2367762140171101
HU,G,2024,17728.5,,13888.0,,1.276533698156682,1.0374299510097629,1.2304770041718884
HU,H,2021,6876.1,,7087.8,,0.9701317757273061,0.9701317757273061,1.0
HU,H,2023,8957.7,,7856.8,,1.14012065981061,0.9701317757273061,1.1752224680568404
HU,H,2024,9391.0,,7946.8,,1.1817335279609402,0.9701317757273061,1.2181165049201657
HU,I,2021,2131.8,,2157.2,,0.9882254774707956,0.9882254774707956,1.0
HU,I,2023,3790.2,,2902.0,,1.306064782908339,0.9882254774707956,1.3216263015713803
HU,I,2024,4135.6,,3026.8,,1.366327474560592,0.9882254774707956,1.3826070119720935
HU,J,2021,7002.7,,7229.3,,0.9686553331581204,0.9686553331581204,1.0
HU,J,2023,8818.6,,8291.6,,1.063558299966231,0.9686553331581204,1.0979739269061752
HU,J,2024,9496.4,,8579.9,,1.1068194267998461,0.9686553331581204,1.142634938261546
HU,L,2021,13811.7,,12429.1,,1.1112389473091375,1.1112389473091375,1.0
HU,L,2023,19182.9,,14105.3,,1.3599781642361384,1.1112389473091375,1.2238395419178947
HU,L,2024,20832.3,,14080.0,,1.4795667613636363,1.1112389473091375,1.331456897678401
HU,M,2021,8508.0,,8489.7,,1.0021555531997597,1.0021555531997597,1.0
HU,M,2023,10596.7,,9171.6,,1.155381830869205,1.0021555531997597,1.1528967006970252
HU,M,2024,11152.5,,9393.8,,1.1872192297046988,1.0021555531997597,1.1846656199369983
HU,N,2021,4909.1,,4856.9,,1.0107475962033396,1.0107475962033396,1.0
HU,N,2023,6963.3,,5842.8,,1.1917744916820703,1.0107475962033396,1.1791019797214657
HU,N,2024,7472.2,,5993.3,,1.246758880750171,1.0107475962033396,1.2335017025351909
IE,C,2021,153880.8,,159254.8,,0.9662553342191256,0.9662553342191256,1.0
IE,C,2023,156393.1,,146761.8,,1.0656253875327233,0.9662553342191256,1.1028403671312232
IE,C,2024,166390.1,,145310.8,,1.145063546549878,0.9662553342191256,1.1850527557245056
IE,F,2021,10129.7,,9274.6,,1.0921980462769285,1.0921980462769285,1.0
IE,F,2023,13563.7,,9952.9,,1.362788734941575,1.0921980462769285,1.247748738964543
IE,F,2024,14312.0,,10030.2,,1.4268907898147594,1.0921980462769285,1.3064396101775932
IE,G,2021,28151.2,,31081.7,,0.9057162253029918,0.9057162253029918,1.0
IE,G,2023,34251.3,,33776.8,,1.0140481040240639,0.9057162253029918,1.1196090736751807
IE,G,2024,34284.0,,33500.9,,1.0233754914047084,0.9057162253029918,1.1299074288553854
IE,H,2021,4859.2,,3758.7,,1.2927873998989012,1.2927873998989012,1.0
IE,H,2023,9293.1,,3467.7,,2.6799031058050007,1.2927873998989012,2.072965056756103
IE,H,2024,9664.5,,3611.0,,2.6764054278593186,1.2927873998989012,2.0702595245503006
IE,I,2021,3899.1,,2285.4,,1.7060908374901549,1.7060908374901549,1.0
IE,I,2023,8240.8,,4191.1,,1.9662618405669152,1.7060908374901549,1.152495399048916
IE,I,2024,8831.6,,4329.6,,2.0398189209164816,1.7060908374901549,1.195609797610353
IE,J,2021,79588.8,,76061.8,,1.046370188452022,1.046370188452022,1.0
IE,J,2023,101202.1,,91960.3,,1.1004977147747452,1.046370188452022,1.051728849808688
IE,J,2024,111214.9,,97661.3,,1.1387816873213852,1.046370188452022,1.0883162573716618
IE,L,2021,22215.8,,22728.1,,0.9774596204698149,0.9774596204698149,1.0
IE,L,2023,27429.0,,23939.7,,1.1457537061867944,0.9774596204698149,1.1721749749990584
IE,L,2024,30767.8,,25370.0,,1.2127631060307449,0.9774596204698149,1.2407296226189186
IE,M,2021,23704.8,,23306.6,,1.017085289145564,1.017085289145564,1.0
IE,M,2023,31534.5,,27672.0,,1.139581526452732,1.017085289145564,1.1204385105304935
IE,M,2024,33306.1,,28664.9,,1.1619123038977983,1.017085289145564,1.14239416919883
IE,N,2021,20853.5,,19770.5,,1.0547785842543183,1.0547785842543183,1.0
IE,N,2023,27457.8,,21296.5,,1.2893104500739558,1.0547785842543183,1.2223517516573785
IE,N,2024,29089.6,,21557.1,,1.3494208404655543,1.0547785842543183,1.2793403853753205
IT,C,2021,283106.8,,279551.0,,1.012719682633938,1.012719682633938,1.0
IT,C,2023,331429.4,,283976.0,,1.167103558047159,1.012719682633938,1.1524448256122473
IT,C,2024,332148.8,,286474.0,,1.159437854744235,1.012719682633938,1.144875402963142
IT,F,2021,85329.4,,80379.6,,1.0615803014695269,1.0615803014695269,1.0
IT,F,2023,116675.7,,104351.3,,1.1181049014243234,1.0615803014695269,1.0532457129023123
IT,F,2024,110868.6,,99837.8,,1.1104872102550336,1.0615803014695269,1.0460699098483701
IT,G,2021,199798.3,,200673.2,,0.9956401751703764,0.9956401751703764,1.0
IT,G,2023,227029.8,,201200.1,,1.128378166810056,0.9956401751703764,1.1333192401732537
IT,G,2024,226415.6,,199048.0,,1.1374924641292552,0.9956401751703764,1.1424734482360606
IT,H,2021,77680.9,,76243.0,,1.018859436276117,1.018859436276117,1.0
IT,H,2023,92498.8,,83343.3,,1.109852861597753,1.018859436276117,1.089309105929482
IT,H,2024,98368.1,,85011.1,,1.1571206583610847,1.018859436276117,1.135701959624878
IT,I,2021,49920.3,,49861.7,,1.0011752507435567,1.0011752507435567,1.0
IT,I,2023,76923.0,,66203.6,,1.161915666217547,1.0011752507435567,1.1605517269375276
IT,I,2024,80928.1,,65948.3,,1.2271445966006707,1.0011752507435567,1.2257040869610891
IT,J,2021,61689.1,,62702.6,,0.9838363959389244,0.9838363959389244,1.0
IT,J,2023,65207.6,,68259.1,,0.9552953379109891,0.9838363959389244,0.9709900364067167
IT,J,2024,68273.0,,69395.4,,0.9838260172864485,0.9838363959389244,0.9999894508349978
IT,L,2021,216931.9,,214775.1,,1.0100421324445896,1.0100421324445896,1.0
IT,L,2023,240660.2,,227210.3,,1.0591958199078124,1.0100421324445896,1.0486649872161835
IT,L,2024,247827.8,,228970.7,,1.0823559520934336,1.0100421324445896,1.0715948546362357
IT,M,2021,112993.0,,113185.9,,0.9982957241140461,0.9982957241140461,1.0
IT,M,2023,138650.4,,136533.3,,1.0155061073012959,0.9982957241140461,1.0172397645021702
IT,M,2024,140920.3,,136441.2,,1.0328280607323885,0.9982957241140461,1.034591289719275
IT,N,2021,60912.3,,61049.2,,0.9977575463724341,0.9977575463724341,1.0
IT,N,2023,69875.6,,64789.9,,1.0784952592919577,0.9977575463724341,1.0809191704067418
IT,N,2024,71289.0,,62933.8,,1.132761727402445,0.9977575463724341,1.1353076020530721
LT,C,2021,9022.2,,8628.3,,1.0456520983275965,1.0456520983275965,1.0
LT,C,2023,11089.0,,8855.1,,1.2522727016069835,1.0456520983275965,1.1975997596235435
LT,C,2024,10727.8,,9111.8,,1.1773524440834962,1.0456520983275965,1.1259504437150172
LT,F,2021,3582.3,,3384.5,,1.0584429014625498,1.0584429014625498,1.0
LT,F,2023,4943.8,,3753.4,,1.3171524484467416,1.0584429014625498,1.2444246606280873
LT,F,2024,5398.9,,3920.0,,1.3772704081632652,1.0584429014625498,1.3012231517261454
LT,G,2021,8302.6,,8046.8,,1.0317890341502212,1.0317890341502212,1.0
LT,G,2023,10249.6,,7784.2,,1.3167184810256674,1.0317890341502212,1.2761508772092285
LT,G,2024,10229.1,,7988.9,,1.2804140745284083,1.0317890341502212,1.2409649958946831
LT,H,2021,5577.1,,5388.1,,1.0350772999758728,1.0350772999758728,1.0
LT,H,2023,7280.2,,4797.6,,1.5174670668667665,1.0350772999758728,1.4660422626427398
LT,H,2024,7333.0,,4811.5,,1.5240569468980567,1.0350772999758728,1.4724088209968296
LT,I,2021,710.4,,688.3,,1.032108092401569,1.032108092401569,1.0
LT,I,2023,1256.8,,879.4,,1.4291562428928815,1.032108092401569,1.3846962865754087
LT,I,2024,1262.9,,830.3,,1.5210165000602194,1.032108092401569,1.4736988414857108
LT,J,2021,2174.0,,2065.8,,1.0523768031755252,1.0523768031755252,1.0
LT,J,2023,3445.6,,2768.2,,1.244707752330034,1.0523768031755252,1.182758636045715
LT,J,2024,3836.9,,3149.0,,1.218450301683074,1.0523768031755252,1.1578080189590132
LT,L,2021,3223.5,,3113.8,,1.0352302652707301,1.0352302652707301,1.0
LT,L,2023,4361.7,,3261.7,,1.3372474476499985,1.0352302652707301,1.2917391352544023
LT,L,2024,4772.1,,3307.3,,1.4428990415142262,1.0352302652707301,1.3937952646089649
LT,M,2021,2139.3,,2110.3,,1.0137421219731793,1.0137421219731793,1.0
LT,M,2023,2805.5,,2403.6,,1.167207522050258,1.0137421219731793,1.151385048278717
LT,M,2024,3129.1,,2612.4,,1.1977874751186648,1.0137421219731793,1.1815504645177946
LT,N,2021,1778.9,,1615.6,,1.101076999257242,1.101076999257242,1.0
LT,N,2023,2546.9,,1982.5,,1.2846910466582597,1.101076999257242,1.1667585895671955
LT,N,2024,2794.0,,2116.9,,1.3198545042278804,1.101076999257242,1.1986941014281653
LU,C,2021,3392.8,,3253.5,,1.0428154295374212,1.0428154295374212,1.0
LU,C,2023,3326.8,,3584.0,,0.9282366071428572,1.0428154295374212,0.890125501455814
LU,C,2024,3415.3,p,3827.7,p,0.8922590589649138,1.0428154295374212,0.8556251026710525
LU,F,2021,3503.0,,3161.0,,1.1081936096172098,1.1081936096172098,1.0
LU,F,2023,3371.9,,2153.5,,1.5657766426747157,1.1081936096172098,1.4129089259191483
LU,F,2024,3848.8,p,2428.2,p,1.5850424182522034,1.1081936096172098,1.430293772222442
LU,G,2021,5327.2,,4640.1,,1.1480787052003187,1.1480787052003187,1.0
LU,G,2023,6454.8,,4590.6,,1.4060907070971114,1.1480787052003187,1.2247337231568756
LU,G,2024,6368.2,p,4193.9,p,1.5184434535873532,1.1480787052003187,1.3225952599847348
LU,H,2021,4100.3,,3900.9,,1.0511164090338128,1.0511164090338128,1.0
LU,H,2023,3243.7,,2949.9,,1.0995965964947962,1.0511164090338128,1.0461225674381265
LU,H,2024,3526.8,p,2912.0,p,1.2111263736263738,1.0511164090338128,1.1522285859276447
LU,I,2021,684.6,,752.3,,0.9100093047986176,0.9100093047986176,1.0
LU,I,2023,1273.0,,1255.9,,1.0136157337367624,0.9100093047986176,1.1138520544700063
LU,I,2024,1352.2,p,1243.3,p,1.0875894796107135,0.9100093047986176,1.1951410539163596
LU,J,2021,3563.3,,3819.2,,0.9329964390448262,0.9329964390448262,1.0
LU,J,2023,5073.6,,6086.2,,0.8336236075055043,0.9329964390448262,0.8934906636502742
LU,J,2024,4034.7,p,4537.6,p,0.8891704866008462,0.9329964390448262,0.9530266669732976
LU,L,2021,4960.4,,4905.7,,1.0111502945553132,1.0111502945553132,1.0
LU,L,2023,5708.6,,5323.1,,1.0724202062707822,1.0111502945553132,1.0605942677813434
LU,L,2024,5995.9,p,5458.7,p,1.0984117097477422,1.0111502945553132,1.086299154203189
LU,M,2021,7301.8,,5822.9,,1.253979975613526,1.253979975613526,1.0
LU,M,2023,8364.6,,5457.0,,1.5328202308960968,1.253979975613526,1.2223642009483802
LU,M,2024,8105.4,p,5020.5,p,1.6144607110845532,1.253979975613526,1.2874692917601476
LU,N,2021,2589.9,,2549.6,,1.015806401004079,1.015806401004079,1.0
LU,N,2023,3127.9,,2666.6,,1.17299182479562,1.015806401004079,1.1547395484377438
LU,N,2024,3196.7,p,2686.1,p,1.1900897211570678,1.015806401004079,1.1715713939001737
LV,C,2021,4147.9,,3696.8,,1.1220244535814756,1.1220244535814756,1.0
LV,C,2023,4305.3,,3461.6,,1.2437312225560435,1.1220244535814756,1.1084706920478273
LV,C,2024,4044.7,,3347.8,,1.2081665571420035,1.1220244535814756,1.0767738201119987
LV,F,2021,1552.4,,1451.3,,1.0696616826293668,1.0696616826293668,1.0
LV,F,2023,2128.4,,1482.4,,1.4357798165137614,1.0696616826293668,1.3422747022071773
LV,F,2024,2105.8,,1397.1,,1.507265049030134,1.0696616826293668,1.4091044612583312
LV,G,2021,4123.4,,4699.7,,0.8773751516054216,0.8773751516054216,1.0
LV,G,2023,5162.9,,5078.7,,1.0165790458188118,0.8773751516054216,1.1586594901379128
LV,G,2024,4916.2,,5120.9,,0.9600265578316312,0.8773751516054216,1.0942030396860156
LV,H,2021,1903.3,,1897.6,,1.0030037942664418,1.0030037942664418,1.0
LV,H,2023,2288.2,,1755.4,,1.3035205651133643,1.0030037942664418,1.2996167836700048
LV,H,2024,2093.6,,1565.9,,1.3369946995338142,1.0030037942664418,1.3329906698026406
LV,I,2021,337.3,,335.9,,1.004167907115213,1.004167907115213,1.0
LV,I,2023,671.5,,493.2,,1.3615166261151663,1.004167907115213,1.3558655046311423
LV,I,2024,727.8,,499.3,,1.457640696975766,1.004167907115213,1.451590602176578
LV,J,2021,1881.4,,1866.7,,1.007874859377511,1.007874859377511,1.0
LV,J,2023,2366.4,,2007.2,,1.1789557592666402,1.007874859377511,1.1697441882763036
LV,J,2024,2480.2,,1986.7,,1.2484018724518045,1.007874859377511,1.2386476960273112
LV,L,2021,2379.3,,2424.7,,0.9812760341485546,0.9812760341485546,1.0
LV,L,2023,2979.6,,2758.4,,1.080191415313225,0.9812760341485546,1.1008028095280025
LV,L,2024,3168.8,,2687.0,,1.1793077781912915,0.9812760341485546,1.2018104357501889
LV,M,2021,1450.9,,1419.3,,1.0222644965828227,1.0222644965828227,1.0
LV,M,2023,1692.6,,1410.3,,1.2001701765581791,1.0222644965828227,1.174030968081207
LV,M,2024,1724.2,,1345.0,,1.2819330855018587,1.0222644965828227,1.254013114792741
LV,N,2021,810.1,,811.8,,0.9979058881497906,0.9979058881497906,1.0
LV,N,2023,1045.5,,841.0,,1.2431629013079668,0.9979058881497906,1.2457716865594461
LV,N,2024,1183.6,,933.0,,1.2685959271168274,0.9979058881497906,1.2712580837346505
MT,C,2021,1028.8,,984.0,,1.0455284552845527,1.0455284552845527,1.0
MT,C,2023,1214.1,,1078.6,,1.1256258112367885,1.0455284552845527,1.0766094462062596
MT,C,2024,1306.9,,1157.9,,1.1286812332671214,1.0455284552845527,1.0795318171995019
MT,F,2021,648.1,,605.0,,1.0712396694214876,1.0712396694214876,1.0
MT,F,2023,760.5,,574.2,,1.3244514106583072,1.0712396694214876,1.2363726330015057
MT,F,2024,893.6,,669.7,,1.3343288039420635,1.0712396694214876,1.2455931590571647
MT,G,2021,1215.9,,1179.1,,1.0312102451021967,1.0312102451021967,1.0
MT,G,2023,1599.7,,1385.6,,1.154517898383372,1.0312102451021967,1.1195756673935633
MT,G,2024,1655.1,,1356.7,,1.2199454558856047,1.0312102451021967,1.1830230175464398
MT,H,2021,596.4,,722.8,,0.8251245157719979,0.8251245157719979,1.0
MT,H,2023,1045.8,,849.6,,1.2309322033898304,0.8251245157719979,1.4918138776159782
MT,H,2024,1031.9,,813.4,,1.268625522498156,0.8251245157719979,1.5374958545634927
MT,I,2021,357.5,,356.5,,1.002805049088359,1.002805049088359,1.0
MT,I,2023,829.5,,798.7,,1.0385626643295354,1.002805049088359,1.0356575939398023
MT,I,2024,996.9,,936.9,,1.064040986231188,1.002805049088359,1.0610646478081636
MT,J,2021,1601.5,,1487.1,,1.0769282496133414,1.0769282496133414,1.0
MT,J,2023,2394.7,,2195.3,,1.0908304104222655,1.0769282496133414,1.0129090873174842
MT,J,2024,2653.4,,2375.5,,1.1169858977057463,1.0769282496133414,1.0371962088530848
MT,L,2021,1064.7,,1074.2,,0.9911562092720164,0.9911562092720164,1.0
MT,L,2023,1562.0,,1124.7,,1.3888147950564596,0.9911562092720164,1.4012067745370986
MT,L,2024,1827.0,,1193.0,,1.531433361274099,0.9911562092720164,1.545097883611005
MT,M,2021,1528.9,,1368.9,,1.1168821681642194,1.1168821681642194,1.0
MT,M,2023,1944.2,,1579.9,,1.2305842141907715,1.1168821681642194,1.1018030811732273
MT,M,2024,2134.4,,1662.8,,1.2836179937454897,1.1168821681642194,1.1492868543647072
MT,N,2021,1116.9,,1102.8,,1.01278563656148,1.01278563656148,1.0
MT,N,2023,1542.5,,1417.4,,1.0882601947227317,1.01278563656148,1.0745217501479347
MT,N,2024,1659.0,,1601.0,,1.0362273579013117,1.01278563656148,1.0231457877102395
NL,C,2021,95886.0,,95257.0,,1.0066031892669305,1.0066031892669305,1.0
NL,C,2023,109965.0,,98250.0,,1.1192366412213741,1.0066031892669305,1.1118945907934885
NL,C,2024,116952.0,,101723.8,,1.1497014464658222,1.0066031892669305,1.1421595507789961
NL,F,2021,41332.0,,40009.0,,1.0330675597990453,1.0330675597990453,1.0
NL,F,2023,48484.0,,43778.1,,1.1074943864626376,1.0330675597990453,1.0720444911444804
NL,F,2024,51148.0,,41272.4,,1.239278549345325,1.0330675597990453,1.1996103619654772
NL,G,2021,117519.0,,113250.0,,1.0376953642384106,1.0376953642384106,1.0
NL,G,2023,124979.0,,110450.6,,1.131537538048684,1.0376953642384106,1.0904332591667174
NL,G,2024,129469.0,,111927.3,,1.1567240521302666,1.0376953642384106,1.114704846907757
NL,H,2021,34289.0,,33949.0,,1.0100150225338007,1.0100150225338007,1.0
NL,H,2023,45597.0,,38609.3,,1.1809848922409885,1.0100150225338007,1.1692745809644294
NL,H,2024,47235.0,,39374.8,,1.199625140953097,1.0100150225338007,1.187729998256487
NL,I,2021,10087.0,,9911.0,,1.0177580466148723,1.0177580466148723,1.0
NL,I,2023,18887.0,,16860.7,,1.1201788775080512,1.0177580466148723,1.1006337716845738
NL,I,2024,20219.0,,16324.2,,1.238590558802269,1.0177580466148723,1.2169793822037562
NL,J,2021,39019.0,,38975.0,,1.0011289288005132,1.0011289288005132,1.0
NL,J,2023,47186.0,,45397.8,,1.0393895739441117,1.0011289288005132,1.0382175003068186
NL,J,2024,51015.0,,47394.1,,1.0763998050390238,1.0011289288005132,1.0751859966015518
NL,L,2021,50712.0,,48504.0,,1.045522018802573,1.045522018802573,1.0
NL,L,2023,75564.0,,50148.1,,1.5068168086128886,1.045522018802573,1.441210019028229
NL,L,2024,79779.0,,50920.6,,1.56673330636324,1.045522018802573,1.4985177530336529
NL,M,2021,74731.0,,73919.0,,1.0109849970914109,1.0109849970914109,1.0
NL,M,2023,87475.0,,80877.5,,1.0815739853482118,1.0109849970914109,1.0698219938573612
NL,M,2024,91744.0,,81247.4,,1.1291930572547553,1.0109849970914109,1.1169236541624528
NL,N,2021,56303.0,,55337.0,,1.01745667455771,1.01745667455771,1.0
NL,N,2023,68504.0,,58464.6,,1.1717175863685034,1.01745667455771,1.1516142315129545
NL,N,2024,72389.0,,58062.6,,1.2467405868838117,1.01745667455771,1.225350049844404
PL,C,2021,100862.8,,85519.0,,1.1794197780610156,1.1794197780610156,1.0
PL,C,2023,131271.2,,100740.9,,1.303057645901516,1.1794197780610156,1.1048294001341599
PL,C,2024,136411.8,,101506.6,,1.3438712359590408,1.1794197780610156,1.1394342039679766
PL,F,2021,35558.6,,40826.2,,0.8709750111448041,0.8709750111448041,1.0
PL,F,2023,46816.6,,41837.9,,1.1189997585920899,0.8709750111448041,1.2847667777761884
PL,F,2024,53103.3,,39423.8,,1.3469858308940283,0.8709750111448041,1.5465263798137658
PL,G,2021,81039.4,,81898.5,,0.98951018638925,0.98951018638925,1.0
PL,G,2023,97097.3,,84346.2,,1.1511757494706343,0.98951018638925,1.163379382350076
PL,G,2024,106428.1,,86428.3,,1.2314033713494308,0.98951018638925,1.244457498555781
PL,H,2021,31635.4,,35224.8,,0.8981002021303173,0.8981002021303173,1.0
PL,H,2023,48276.3,,38472.9,,1.2548131282019293,0.8981002021303173,1.397186110442331
PL,H,2024,53177.1,,39001.4,,1.3634664396662683,0.8981002021303173,1.5181673898214143
PL,I,2021,6748.7,,6400.2,,1.054451423393019,1.054451423393019,1.0
PL,I,2023,11211.6,,7048.8,,1.59056860742254,1.054451423393019,1.5084323204803505
PL,I,2024,13267.7,,7290.3,,1.8199113891060725,1.054451423393019,1.725931938381716
PL,J,2021,25135.4,,26193.8,,0.9595934915896129,0.9595934915896129,1.0
PL,J,2023,33532.4,,27879.8,,1.2027489436796535,0.9595934915896129,1.2533942280988606
PL,J,2024,36712.8,,28374.1,,1.2938842113053808,0.9595934915896129,1.3483670144135713
PL,L,2021,32032.6,,31695.0,,1.0106515223221328,1.0106515223221328,1.0
PL,L,2023,39695.5,,33241.7,,1.1941477120604542,1.0106515223221328,1.1815622751121075
PL,L,2024,44351.3,,33990.1,,1.3048299357754172,1.0106515223221328,1.291077989748002
PL,M,2021,28697.8,,30744.8,,0.9334196351903411,0.9334196351903411,1.0
PL,M,2023,38394.1,,33195.8,,1.156595111429759,0.9334196351903411,1.2390944735096647
PL,M,2024,41446.7,,34002.3,,1.2189381306558673,0.9334196351903411,1.3058843897228536
PL,N,2021,15888.5,,16320.5,,0.9735302227260194,0.9735302227260194,1.0
PL,N,2023,20624.4,,17346.2,,1.1889866368426514,0.9735302227260194,1.2213145612606913
PL,N,2024,23634.4,,17538.1,,1.3476032181365145,0.9735302227260194,1.3842438443904073
PT,C,2021,26938.2,,25470.3,,1.0576318300137808,1.0576318300137808,1.0
PT,C,2023,32661.2,,26318.4,,1.2410024925527388,1.0576318300137808,1.173378539993987
PT,C,2024,34043.5,p,26506.0,p,1.2843695766996153,1.0576318300137808,1.2143824913844359
PT,F,2021,8695.7,,8897.6,,0.9773084876820716,0.9773084876820716,1.0
PT,F,2023,11547.6,,9782.8,,1.180398249989778,0.9773084876820716,1.2078051760190724
PT,F,2024,12779.3,p,10012.4,p,1.2763473293116536,0.9773084876820716,1.3059820367863852
PT,G,2021,23942.5,,24365.6,,0.982635354762452,0.982635354762452,1.0
PT,G,2023,28298.9,,25161.3,,1.1246994392181644,0.982635354762452,1.1445745705842791
PT,G,2024,30188.6,p,25670.7,p,1.1759944216558176,0.982635354762452,1.196776012542424
PT,H,2021,7775.4,,7967.2,,0.9759262978210663,0.9759262978210663,1.0
PT,H,2023,11645.7,,10325.9,,1.12781452464192,0.9759262978210663,1.155634935916751
PT,H,2024,12401.7,p,10815.7,p,1.1466386826557688,0.9759262978210663,1.1749234396243333
PT,I,2021,7913.7,,7172.2,,1.1033852932154709,1.1033852932154709,1.0
PT,I,2023,14861.4,,11360.1,,1.3082103150500435,1.1033852932154709,1.1856332716178175
PT,I,2024,16236.2,p,11410.3,p,1.4229424292086976,1.1033852932154709,1.2896151851562
PT,J,2021,8499.8,,8318.3,,1.0218193621292813,1.0218193621292813,1.0
PT,J,2023,11230.9,,9706.7,,1.1570255596649734,1.0218193621292813,1.132319079620832
PT,J,2024,12557.2,p,10130.7,p,1.239519480391286,1.0218193621292813,1.2130514710627112
PT,L,2021,24399.8,,23644.2,,1.0319570973008179,1.0319570973008179,1.0
PT,L,2023,24767.1,,24297.2,,1.0193396769998189,1.0319570973008179,0.9877733092451216
PT,L,2024,27347.9,p,24446.8,p,1.118669928170558,1.0319570973008179,1.0840275541459485
PT,M,2021,8888.9,,8630.8,,1.0299045279695973,1.0299045279695973,1.0
PT,M,2023,12067.4,,10467.9,,1.1528004661871054,1.0299045279695973,1.119327505491981
PT,M,2024,13013.1,p,10432.7,p,1.2473376978155224,1.0299045279695973,1.2111197338597812
PT,N,2021,7646.9,,7160.7,,1.067898389822224,1.067898389822224,1.0
PT,N,2023,10450.9,,8251.4,,1.2665608260416414,1.067898389822224,1.186031216183863
PT,N,2024,11240.8,p,8202.4,p,1.370428167365649,1.067898389822224,1.2832945347860183
RO,C,2021,37860.1,,37090.8,,1.0207409923754676,1.0207409923754676,1.0
RO,C,2023,44620.6,p,36537.2,p,1.2212375332537797,1.0207409923754676,1.1964225424235357
RO,C,2024,46665.9,p,36604.8,p,1.274857395751377,1.0207409923754676,1.2489528737202273
RO,F,2021,15475.1,,14637.4,,1.0572301091723941,1.0572301091723941,1.0
RO,F,2023,25863.5,p,16437.4,p,1.5734544392665506,1.0572301091723941,1.4882800117169004
RO,F,2024,28079.8,p,15985.4,p,1.7565903887297158,1.0572301091723941,1.6615024236348934
RO,G,2021,30955.6,,29933.3,,1.0341525992790637,1.0341525992790637,1.0
RO,G,2023,39125.7,p,29031.6,p,1.347693547720415,1.0341525992790637,1.3031863466377491
RO,G,2024,42902.5,p,29107.2,p,1.473948026605101,1.0341525992790637,1.425271306800013
RO,H,2021,13743.0,,12772.8,,1.075958286358512,1.075958286358512,1.0
RO,H,2023,21650.8,p,16269.5,p,1.3307600110636466,1.075958286358512,1.2368137574993627
RO,H,2024,24585.2,p,17116.1,p,1.4363786142871333,1.075958286358512,1.334976116173084
RO,I,2021,2838.6,,2739.1,,1.0363258004454017,1.0363258004454017,1.0
RO,I,2023,4544.2,p,3239.9,p,1.4025741535232568,1.0363258004454017,1.3534104361007373
RO,I,2024,5159.0,p,3266.5,p,1.5793662941986837,1.0363258004454017,1.5240055719155974
RO,J,2021,15484.7,,15543.8,,0.996197840939796,0.996197840939796,1.0
RO,J,2023,22479.8,p,19689.2,p,1.1417325234138511,0.996197840939796,1.1460901404250787
RO,J,2024,24317.9,p,19762.0,p,1.2305384070438214,0.996197840939796,1.2352349668645664
RO,L,2021,18643.9,,18759.0,,0.9938642784796632,0.9938642784796632,1.0
RO,L,2023,23324.7,p,20953.4,p,1.1131701776322696,0.9938642784796632,1.1200424461729435
RO,L,2024,25619.7,p,20758.7,p,1.234166879428866,0.9938642784796632,1.2417861333307996
RO,M,2021,11289.4,,10698.8,,1.0552024526115078,1.0552024526115078,1.0
RO,M,2023,17282.2,p,13010.9,p,1.3282862830396054,1.0552024526115078,1.258797569842873
RO,M,2024,19620.0,p,13032.7,p,1.5054439985574746,1.0552024526115078,1.4266873573233927
RO,N,2021,5897.1,,5787.1,,1.01900779319521,1.01900779319521,1.0
RO,N,2023,8493.8,p,6770.2,p,1.2545862751469674,1.01900779319521,1.2311841808521164
RO,N,2024,9499.9,p,6669.4,p,1.4244009955918073,1.01900779319521,1.3978313071830812
SE,C,2021,68875.9,,68915.0,,0.9994326344047013,0.9994326344047013,1.0
SE,C,2023,71682.3,,67395.9,,1.0636003080306073,0.9994326344047013,1.0642041008237906
SE,C,2024,72569.9,,67387.0,,1.0769124608604033,0.9994326344047013,1.0775238107987657
SE,F,2021,31335.7,,28659.1,,1.0933944192246094,1.0933944192246094,1.0
SE,F,2023,30856.3,,29424.4,,1.0486636940770244,1.0933944192246094,0.9590900370798433
SE,F,2024,31029.2,,28615.1,,1.084364548787179,1.0933944192246094,0.9917414335772501
SE,G,2021,53716.3,,50828.3,,1.0568187407408864,1.0568187407408864,1.0
SE,G,2023,48726.7,,44097.6,,1.1049739668371974,1.0568187407408864,1.0455662113472284
SE,G,2024,50777.8,,44887.9,,1.1312135341595397,1.0568187407408864,1.0703950361123409
SE,H,2021,22795.9,,20944.4,,1.0884007180917095,1.0884007180917095,1.0
SE,H,2023,24339.6,,23218.6,,1.0482802580689619,1.0884007180917095,0.9631381536635784
SE,H,2024,24935.1,,22195.3,,1.1234405482241736,1.0884007180917095,1.032193868995143
SE,I,2021,5995.4,,5783.4,,1.0366566379638276,1.0366566379638276,1.0
SE,I,2023,8165.1,,8411.1,,0.9707529336234262,1.0366566379638276,0.9364266798408317
SE,I,2024,8702.8,,8314.3,,1.0467267238372442,1.0366566379638276,1.0097140031758212
SE,J,2021,38970.0,,37693.6,,1.0338625124689602,1.0338625124689602,1.0
SE,J,2023,34986.7,,35342.0,,0.9899468055005375,1.0338625124689602,0.9575226817504506
SE,J,2024,37187.3,,36376.1,,1.0223003565527917,1.0338625124689602,0.9888165440020096
SE,L,2021,39473.9,,38862.7,,1.0157271625491797,1.0157271625491797,1.0
SE,L,2023,41553.7,,41999.7,,0.9893808765300705,1.0157271625491797,0.9740616506178807
SE,L,2024,44654.9,,42741.8,,1.0447594626337684,1.0157271625491797,1.028582774149434
SE,M,2021,37003.2,,35309.9,,1.0479553892817595,1.0479553892817595,1.0
SE,M,2023,39278.1,,40566.8,,0.9682326434424208,1.0479553892817595,0.923925439331937
SE,M,2024,42561.4,,42460.7,,1.0023716048016167,1.0479553892817595,0.9565021708496726
SE,N,2021,15874.8,,15084.0,,1.0524264120922833,1.0524264120922833,1.0
SE,N,2023,18467.5,,17834.7,,1.0354813930147408,1.0524264120922833,0.9838990936726353
SE,N,2024,20044.8,,18315.8,,1.0943993710348443,1.0524264120922833,1.0398820843531629
SI,C,2021,10366.4,,10632.8,,0.9749454518094952,0.9749454518094952,1.0
SI,C,2023,12486.2,,10637.9,,1.1737466981265101,0.9749454518094952,1.2039101223027817
SI,C,2024,13018.1,,11083.4,,1.1745583485212119,0.9749454518094952,1.2047426308223048
SI,F,2021,2770.5,,2602.9,,1.0643897191593992,1.0643897191593992,1.0
SI,F,2023,3944.4,,2971.2,,1.327544426494346,1.0643897191593992,1.2472352960556337
SI,F,2024,3973.6,,2891.9,,1.3740447456689373,1.0643897191593992,1.2909226018775228
SI,G,2021,5523.4,,5255.3,,1.051015165642304,1.051015165642304,1.0
SI,G,2023,6599.3,,4895.6,,1.3480063730696952,1.051015165642304,1.2825755680184614
SI,G,2024,6651.7,,5044.2,,1.3186828436620277,1.051015165642304,1.2546753717451307
SI,H,2021,2750.5,,2756.8,,0.9977147417295414,0.9977147417295414,1.0
SI,H,2023,3386.1,,2911.6,,1.162968814397582,0.9977147417295414,1.165632585904837
SI,H,2024,3489.4,,2823.2,,1.235973363559082,0.9977147417295414,1.2388043514487102
SI,I,2021,828.4,,804.9,,1.0291961734376942,1.0291961734376942,1.0
SI,I,2023,1391.7,,1174.9,,1.184526342667461,1.0291961734376942,1.1509237725893764
SI,I,2024,1493.4,,1169.9,,1.2765193606291136,1.0291961734376942,1.2403071383032032
SI,J,2021,2021.2,,2032.0,,0.9946850393700788,0.9946850393700788,1.0
SI,J,2023,2483.1,,2402.6,,1.0335053691833846,0.9946850393700788,1.0390277608255678
SI,J,2024,2644.5,,2533.5,,1.043812907045589,0.9946850393700788,1.0493903755772
SI,L,2021,3268.9,,3145.4,,1.0392636866535259,1.0392636866535259,1.0
SI,L,2023,4100.8,,3250.6,,1.26155171352981,1.0392636866535259,1.2138899200760696
SI,L,2024,4238.1,,3221.9,,1.3154039541885223,1.0392636866535259,1.2657076073004918
SI,M,2021,3215.7,,3084.5,,1.0425352569298103,1.0425352569298103,1.0
SI,M,2023,3974.1,,3427.4,,1.159508665460699,1.0425352569298103,1.1122009138332327
SI,M,2024,4226.1,,3492.0,,1.2102233676975946,1.0425352569298103,1.1608464650506052
SI,N,2021,1219.0,,1175.0,,1.0374468085106383,1.0374468085106383,1.0
SI,N,2023,1638.9,,1408.3,,1.1637435205566997,1.0374468085106383,1.121738012021429
SI,N,2024,1677.6,,1388.5,,1.2082102988836874,1.0374468085106383,1.1645997548714788
SK,C,2021,16941.9,,15695.6,,1.0794044190728613,1.0794044190728613,1.0
SK,C,2023,20812.5,,15693.0,,1.3262282546358248,1.0794044190728613,1.2286666898908651
SK,C,2024,21260.2,,15988.9,,1.3296849689472072,1.0794044190728613,1.2318691173131575
SK,F,2021,7937.5,,7775.5,,1.020834673011382,1.020834673011382,1.0
SK,F,2023,9692.8,,7170.3,,1.3517983905833786,1.020834673011382,1.3242089305172988
SK,F,2024,10099.4,,7039.4,,1.4346961388754724,1.020834673011382,1.4054147814584232
SK,G,2021,9632.4,,9221.5,,1.0445589112400369,1.0445589112400369,1.0
SK,G,2023,13525.6,,10670.9,,1.2675219522252108,1.0445589112400369,1.21345185856534
SK,G,2024,13656.2,,11000.6,,1.2414050142719488,1.0445589112400369,1.1884490198817301
SK,H,2021,5632.8,,5327.0,,1.0574056692322134,1.0574056692322134,1.0
SK,H,2023,6335.1,,6310.4,,1.003914173427992,1.0574056692322134,0.9494125127558075
SK,H,2024,6367.2,,6009.8,,1.0594695330959432,1.0574056692322134,1.0019518184210496
SK,I,2021,1349.2,,1349.8,,0.9995554897021781,0.9995554897021781,1.0
SK,I,2023,2209.5,,2191.4,,1.008259560098567,0.9995554897021781,1.0087079411659101
SK,I,2024,2709.3,,2658.8,,1.0189935309162028,0.9995554897021781,1.0194466854659727
SK,J,2021,4650.2,,4423.2,,1.0513203110869958,1.0513203110869958,1.0
SK,J,2023,5800.2,,4710.5,,1.2313342532639846,1.0513203110869958,1.171226542737357
SK,J,2024,6044.4,,4642.8,,1.3018867924528301,1.0513203110869958,1.2383350523369658
SK,L,2021,10027.6,,9393.0,,1.0675609496433516,1.0675609496433516,1.0
SK,L,2023,11611.0,,9309.0,,1.2472875711676872,1.0675609496433516,1.1683525625252387
SK,L,2024,12478.2,,9618.9,,1.297258522284253,1.0675609496433516,1.2151610853859336
SK,M,2021,5553.5,,6381.7,,0.8702226679411442,0.8702226679411442,1.0
SK,M,2023,6648.2,,6737.0,,0.9868190589283063,0.8702226679411442,1.1339845481881285
SK,M,2024,6679.8,,6616.1,,1.0096280285969075,0.8702226679411442,1.1601950463846016
SK,N,2021,3069.2,,2931.3,,1.0470439736635622,1.0470439736635622,1.0
SK,N,2023,4045.6,,4174.6,,0.969098835816605,1.0470439736635622,0.9255569586306577
SK,N,2024,4391.1,,4494.1,,0.9770810618366302,1.0470439736635622,0.933180541040569
