country_code,sector_code,delta_labour_productivity_keur_2021_2024,delta_ai_any_pct_2021_2024,delta_ai_ge2_pct_2021_2024,delta_ai_ge3_pct_2021_2024,delta_ai_workflow_pct_2021_2024,delta_ai_production_pct_2021_2024,delta_ai_logistics_pct_2021_2024,delta_ai_marketing_pct_2021_2024,delta_ai_security_pct_2021_2024,delta_log_productivity_2021_2024
AT,C,4.09033395408774,13.100000000000001,6.29,4.33,0.9300000000000002,0.2400000000000002,-0.3500000000000001,8.92,2.4899999999999998,0.040019108449143026
AT,F,16.335111031971962,4.2299999999999995,2.6500000000000004,2.2600000000000002,1.39,0.6100000000000001,,2.55,0.9299999999999999,0.2078125237863162
AT,G,2.507307223314413,8.73,4.03,3.83,1.3399999999999994,1.96,0.07000000000000006,5.030000000000001,2.65,0.03516292646129404
AT,H,17.394088677218008,6.5,3.14,2.47,2.16,1.4200000000000002,-0.5499999999999998,2.03,1.3199999999999998,0.21073270753420736
AT,I,11.37989335465388,12.559999999999999,6.180000000000001,3.0,2.1100000000000003,3.23,0.31999999999999995,8.25,1.9,0.2545689340432813
AT,J,14.44384987555307,30.470000000000002,23.830000000000002,16.03,11.309999999999999,12.009999999999998,-1.54,18.33,8.78,0.12146481748956894
AT,L,0.11661871706658644,19.03,7.9799999999999995,-0.25,1.7000000000000002,2.87,,15.22,4.71,0.0006921860471296171
AT,M,11.536253587341463,18.660000000000004,16.93,9.68,5.3,12.28,0.13000000000000006,10.19,2.93,0.13819126912601387
AT,N,12.93363469849244,13.09,5.239999999999999,3.4899999999999993,1.92,2.4400000000000004,0.51,7.29,2.01,0.22847607962386807
BE,C,20.371465593856442,12.819999999999999,8.2,7.16,5.670000000000001,3.0399999999999996,2.29,5.41,3.95,0.13175542421869402
BE,F,18.3912713420451,2.7799999999999994,3.89,0.48,0.8799999999999999,0.019999999999999907,-0.14,1.19,-0.41000000000000014,0.2071269650159504
BE,G,-1.7644951843249004,14.4,10.55,7.700000000000001,8.09,3.3,2.32,6.830000000000001,5.24,-0.017009793938235873
BE,H,15.399818003467445,17.34,16.509999999999998,11.110000000000001,10.74,2.7199999999999998,6.91,1.83,5.53,0.16853038902511397
BE,I,19.02071644860014,14.23,6.31,2.5300000000000002,1.72,0.22,0.14,1.67,-0.46999999999999986,0.446560770878055
BE,M,15.017412758538939,22.680000000000003,16.47,11.749999999999998,13.529999999999998,5.99,-2.24,1.0500000000000003,4.85,0.12254907154570294
BE,N,8.60690933934903,12.29,6.6899999999999995,2.6199999999999997,3.11,2.04,0.010000000000000009,3.73,1.8599999999999999,0.16800661256580662
BG,C,9.249395910474831,1.4699999999999998,,,,,,,,0.4233018575687404
BG,G,7.921749388175613,3.6599999999999997,2.55,2.1799999999999997,0.5900000000000001,0.69,,1.08,0.52,0.3096155424440079
BG,H,9.523442282804142,2.4800000000000004,1.57,,1.06,,,,,0.47139148042152357
BG,J,15.780192596388908,13.100000000000001,14.6,10.59,7.889999999999999,6.049999999999999,,6.61,3.21,0.33635717730989523
BG,M,7.817720188925843,10.49,9.27,,6.27,,,,,0.27577684199039343
BG,N,6.9651287064087,1.02,,,0.21999999999999997,,0.0,,,0.46897481637888294
CY,C,7.508892148398218,0.9300000000000002,0.6799999999999999,0.15000000000000002,0.34999999999999987,-0.48,0.14,0.33,0.49999999999999994,0.15990420481835077
CY,G,6.831110437703565,3.0399999999999996,2.34,1.36,1.15,0.17,-0.09000000000000001,1.92,0.45999999999999996,0.13448830733092487
CY,H,11.404906666944818,0.14000000000000057,-2.2199999999999998,-1.86,-1.5999999999999996,-3.34,-1.5,-1.5799999999999998,-0.7599999999999998,0.2117280972816853
CY,I,14.762821877883695,3.0799999999999996,1.71,0.9,0.08000000000000002,0.0,0.11,2.8899999999999997,0.11000000000000004,0.5168865731052432
CY,J,16.051357366375697,22.41,21.44,12.6,5.88,-0.5800000000000001,0.30000000000000004,7.880000000000001,4.890000000000001,0.10810275912300771
CY,M,4.449311524225486,10.45,6.170000000000001,3.09,2.5,-0.010000000000000009,0.0,5.12,2.51,0.07073642749020781
CY,N,7.292686558295692,6.27,5.87,1.2500000000000002,0.8400000000000001,0.72,0.0,5.57,2.2300000000000004,0.18955103827601016
CZ,C,11.04480417293987,5.36,3.65,1.8600000000000003,0.8099999999999998,0.5499999999999998,0.79,3.2800000000000002,0.8599999999999999,0.24781797903264158
CZ,F,9.715339656959088,2.0,0.75,0.71,0.6000000000000001,0.24000000000000002,0.02,1.3499999999999999,0.38,0.2648654911709345
CZ,G,4.923277529927439,8.510000000000002,5.62,2.82,0.8,0.09999999999999998,0.26,8.170000000000002,1.9499999999999997,0.1216233435548002
CZ,H,9.268207502135887,2.3100000000000005,1.9200000000000002,0.29999999999999993,0.22999999999999998,0.14,-0.28,2.1199999999999997,-0.38,0.25510415891399196
CZ,I,12.541278808269253,3.31,0.6900000000000001,-0.22000000000000003,0.66,0.0,0.28,1.9500000000000002,0.6200000000000001,0.7769999105042551
CZ,J,13.801281280591269,25.270000000000003,19.57,16.18,6.24,5.2299999999999995,0.3600000000000001,14.92,6.0600000000000005,0.16767185497833026
CZ,L,6.014185592383825,9.23,3.25,-0.17999999999999994,1.3199999999999998,0.18,0.9,5.720000000000001,3.15,0.13437755339918045
CZ,M,9.180045796457165,12.81,10.24,5.37,5.58,2.54,0.17000000000000004,7.1,-0.27000000000000046,0.193887403326936
CZ,N,5.689705720312066,6.35,3.8500000000000005,2.2300000000000004,1.8099999999999998,-0.27,0.32,4.1000000000000005,2.21,0.2677193291411797
DE,C,7.5138820903414825,6.92,3.4799999999999995,2.06,1.0100000000000002,0.8799999999999999,0.41000000000000003,3.31,1.94,0.07922048394497416
DE,F,8.994692017705333,1.7200000000000006,2.05,0.7599999999999998,-1.1300000000000001,0.6599999999999999,-0.009999999999999981,,,0.12851044054852068
DE,G,-7.712623325444909,8.34,5.620000000000001,2.2,-0.029999999999999805,1.3699999999999999,0.3599999999999999,6.1000000000000005,1.41,-0.11470512453381954
DE,H,3.1720869753524283,5.340000000000001,3.8999999999999995,2.6,0.18999999999999995,,,,,0.05144527783939523
DE,I,6.262340483194841,4.38,1.67,0.97,-0.19999999999999996,,-0.05,,,0.25653752815254194
DE,J,0.25140517835937715,31.720000000000002,29.709999999999997,19.299999999999997,17.28,24.139999999999997,-1.12,21.57,5.07,0.0024038241546744388
DE,L,-11.102533981226514,9.83,6.83,4.4,2.46,,,,,-0.07845568184784923
DE,M,3.470667188560796,16.75,11.899999999999999,7.080000000000001,3.4800000000000004,11.7,0.28,7.140000000000001,3.7099999999999995,0.04201574886334747
DE,N,6.84896970979306,12.06,8.35,4.58,3.8400000000000003,3.33,0.9700000000000001,,,0.14697973932967834
DK,C,48.06595178559115,-5.530000000000001,-0.4400000000000013,0.9500000000000002,-13.029999999999998,-2.7700000000000005,-1.5100000000000002,2.8900000000000006,-1.1000000000000005,0.31541420216248994
DK,G,-2.590448884160594,6.039999999999999,8.54,6.260000000000001,-3.92,0.27999999999999936,-2.2899999999999996,6.739999999999999,-0.4800000000000004,-0.03719794070109028
DK,H,-29.312115179165346,-0.17999999999999972,5.57,3.24,-4.139999999999999,-1.37,-5.03,-0.6100000000000003,-2.5700000000000003,-0.1705833544588211
DK,I,7.873083220169864,-1.4200000000000017,1.3599999999999999,0.30000000000000004,-4.18,0.20999999999999996,-0.23999999999999996,1.1500000000000004,-5.069999999999999,0.3028416698383669
DK,J,11.522671907947696,13.549999999999997,15.550000000000004,15.610000000000003,-12.129999999999999,-1.6199999999999992,-1.79,5.52,-2.469999999999999,0.10397653014800845
DK,L,93.77418243589591,10.27,6.790000000000001,6.03,-1.9799999999999986,-1.85,0.0,-1.0999999999999996,1.1099999999999994,0.8398845841101465
DK,M,13.108547828053219,5.68,7.779999999999998,9.600000000000001,-7.719999999999999,0.23000000000000043,-0.8999999999999999,4.48,1.2400000000000002,0.11861806283087173
DK,N,4.415797850156046,8.8,11.209999999999999,8.41,-1.4000000000000004,-0.8999999999999999,-0.52,4.86,-1.46,0.08570719535390303
EE,C,5.5486402137201765,7.049999999999999,3.3100000000000005,1.31,0.9899999999999999,1.9000000000000001,0.09999999999999998,3.93,1.04,0.1363077962084418
EE,F,14.659542772821922,7.410000000000001,2.21,0.69,0.51,0.69,0.11,3.0,2.71,0.346940451869826
EE,G,1.8306533817419606,8.42,4.14,1.7699999999999998,1.5299999999999998,0.5900000000000001,0.4800000000000001,5.0,1.21,0.047799288428219455
EE,H,3.4619437267520397,7.770000000000001,3.9199999999999995,2.34,0.38,1.5699999999999998,1.1199999999999999,4.17,1.84,0.0809041164201516
EE,J,28.00525795947972,32.77,23.97,19.990000000000002,13.4,14.9,0.15000000000000002,21.62,13.620000000000001,0.46762129019154886
EE,L,16.511813845864594,9.71,1.11,0.0,4.1,0.0,0.0,0.0,0.0,0.26686854237254254
EE,N,7.897506897713303,17.7,10.690000000000001,1.9400000000000002,5.22,7.21,1.27,10.02,5.97,0.290666328657716
EL,C,13.862400023090586,2.130000000000001,1.61,0.45999999999999996,0.19999999999999996,-2.1500000000000004,0.09999999999999998,-2.3400000000000003,3.08,0.25952180556434135
EL,G,6.500997065019554,8.57,3.9800000000000004,3.0199999999999996,1.89,-0.49,-0.2,1.26,3.49,0.1800792941104472
EL,H,7.910836480268749,6.210000000000001,3.9399999999999995,3.0,-0.1200000000000001,0.04000000000000001,-1.88,0.66,1.1399999999999997,0.1417525426034416
EL,I,6.460335097285737,6.12,2.08,2.02,2.77,-0.05,-0.01,0.49000000000000005,3.68,0.49306078780971774
EL,J,3.159761740401379,14.469999999999999,11.420000000000002,10.62,8.530000000000001,2.7399999999999998,0.38999999999999996,4.33,6.27,0.04425128997660277
EL,M,11.32945573898408,11.82,10.479999999999999,4.33,5.830000000000001,1.42,0.63,-0.7799999999999998,7.08,0.28594654167166356
EL,N,5.395212051188437,12.56,5.17,0.71,1.79,0.26,2.07,6.590000000000001,6.04,0.23488655670724956
ES,C,10.41599908915967,2.3900000000000006,1.2000000000000002,0.7000000000000002,0.5499999999999998,0.06000000000000005,0.22999999999999998,1.31,0.8099999999999998,0.13978186583874308
ES,F,7.609877097183357,0.6599999999999997,0.8499999999999999,0.35,0.45000000000000007,0.8,-0.05000000000000002,0.20999999999999996,0.10000000000000003,0.15113148268328613
ES,G,8.273212651484933,3.59,2.68,1.12,0.48999999999999977,0.62,0.12,1.7600000000000002,0.99,0.15385603688706162
ES,H,17.447641553779782,-0.4299999999999997,1.54,0.75,0.6799999999999997,0.43999999999999995,-0.9199999999999999,-0.07000000000000006,0.08000000000000007,0.2780816297782307
ES,I,13.395130183666673,-0.04999999999999982,0.6900000000000002,0.5900000000000001,-0.20999999999999996,-0.37,-0.22999999999999998,-0.29000000000000004,-0.41000000000000014,0.44784875230395293
ES,J,8.314329706636116,19.92,12.079999999999998,7.960000000000001,10.309999999999999,8.959999999999999,0.31999999999999984,9.82,5.039999999999999,0.10066842367050644
ES,L,1.760637385603502,-1.1999999999999993,0.47999999999999954,0.22999999999999998,1.7899999999999996,-1.8599999999999999,0.0,1.4400000000000002,-0.8499999999999996,0.014577366475053921
ES,M,8.914399615648051,12.35,9.969999999999999,6.67,5.200000000000001,3.4199999999999995,0.61,2.67,2.22,0.13787597322235623
ES,N,5.949469696274829,1.0500000000000007,1.52,0.3500000000000001,0.6000000000000001,1.55,1.0,1.82,1.3900000000000001,0.1982162446120097
FI,C,-2.659173858438237,4.5,7.09,5.979999999999999,-2.63,-0.8699999999999992,-0.8999999999999999,4.93,0.98,-0.025811290013583843
FI,F,4.874939315000589,1.8699999999999992,6.58,3.4,2.24,0.81,-0.28000000000000014,-0.5299999999999998,3.23,0.06568375445119123
FI,G,-2.187404838979802,8.329999999999998,7.29,4.57,-0.04999999999999982,1.53,0.81,6.24,2.9499999999999997,-0.036484359914491726
FI,H,9.615724137587712,1.25,0.8000000000000003,-0.41999999999999993,0.29000000000000004,1.2299999999999998,-0.30000000000000027,-0.98,0.4999999999999999,0.16495358580839614
FI,I,9.075904024076458,5.91,2.2,,1.71,,0.31,4.92,,0.2710720132398925
FI,J,3.4229055593652333,25.790000000000006,31.25,27.019999999999996,8.279999999999998,7.58,0.8900000000000001,11.489999999999998,7.209999999999999,0.03000422998008645
FI,L,26.597383926067877,14.18,11.07,6.539999999999999,-1.25,-0.33999999999999986,0.11999999999999988,3.58,1.46,0.20120625524436964
FI,M,4.178664857616511,18.830000000000002,10.59,11.28,3.6199999999999974,5.8999999999999995,,9.590000000000002,3.03,0.055911246935291814
FI,N,6.970615343806479,7.5,8.5,2.3899999999999997,6.949999999999999,7.389999999999999,,0.9900000000000002,3.0300000000000002,0.1758110403400237
FR,C,10.388534680597061,2.0999999999999996,1.3399999999999999,1.1400000000000001,0.6000000000000001,0.9499999999999997,,1.62,0.6000000000000001,0.11322110484521719
FR,G,4.034520884385529,5.06,3.51,1.2399999999999998,1.88,,,,,0.05790876434969494
FR,H,5.528175070771951,1.04,-0.32000000000000006,0.1100000000000001,0.89,,,,,0.07570959929489174
FR,I,14.569404122833934,2.6199999999999997,1.58,0.44999999999999996,0.8099999999999999,,,,,0.37953519753404397
FR,J,9.513068977227704,18.209999999999997,13.450000000000001,11.379999999999999,4.719999999999999,12.32,,8.92,2.2199999999999998,0.08247703770766623
FR,M,2.229588254307785,2.2399999999999984,3.789999999999999,2.75,2.4699999999999998,,-0.33999999999999997,0.4900000000000002,,0.026404325363669656
FR,N,5.945149028958106,3.9699999999999998,4.63,2.01,1.3599999999999999,,,,,0.13459734037431925
HR,C,9.269173334688368,1.4200000000000017,3.2500000000000004,3.58,-1.0,-0.25,0.07999999999999996,1.43,0.58,0.28524185497927323
HR,F,10.226006446444618,-0.45999999999999996,-3.0300000000000002,-2.2700000000000005,-0.6300000000000001,-0.85,,0.10999999999999999,-0.59,0.3690732950998026
HR,G,9.93806926637058,1.6600000000000001,3.19,1.6099999999999999,0.78,-0.51,-0.26999999999999996,0.6099999999999999,-1.1,0.3017817577105131
HR,H,10.755705536807898,0.3100000000000005,1.3199999999999998,0.31999999999999984,0.9500000000000002,-2.3,,-1.2800000000000002,-2.8099999999999996,0.30462160185844667
HR,I,12.519613305940421,-1.0,0.3799999999999999,1.12,0.6200000000000001,,0.0,0.6499999999999999,,0.40966366393613063
HR,J,9.412054277701756,31.13,29.900000000000006,9.070000000000002,1.8399999999999999,5.949999999999999,,11.91,13.01,0.15740397690503904
HR,M,10.501703852843235,3.969999999999999,6.37,4.98,1.04,0.6900000000000001,0.23999999999999988,1.6400000000000001,3.03,0.29403352103169267
HR,N,6.38144306208922,16.47,13.13,1.6500000000000001,-0.7700000000000005,,0.7,7.860000000000001,,0.34734953059849216
HU,C,8.316488760827148,0.8300000000000001,0.8899999999999999,0.25,0.19999999999999996,-0.9199999999999999,-0.18999999999999995,-0.9199999999999999,0.050000000000000044,0.1849416945222977
HU,F,8.643288497894268,3.7199999999999998,2.5900000000000003,0.6,0.27,0.36,0.0,0.5800000000000001,0.5900000000000001,0.22939125133955063
HU,G,3.7501363213886947,5.1899999999999995,3.2399999999999998,1.67,1.46,0.08999999999999997,0.33,2.4400000000000004,0.7,0.10521723019300211
HU,H,10.526813141299591,0.6300000000000003,0.85,0.29999999999999993,-0.42999999999999994,-1.0,-0.5,-1.67,-0.010000000000000009,0.3348410880917565
HU,I,8.173698343095209,3.87,2.04,1.57,1.5,0.49,-0.04,1.52,0.06,0.45305373170790775
HU,J,11.98567012621644,19.790000000000003,11.87,9.72,6.739999999999999,8.55,-0.2999999999999998,6.23,1.9100000000000001,0.19797031171908852
HU,L,11.36610741691915,1.8600000000000003,0.8299999999999998,0.27,1.39,-0.92,-0.55,1.86,1.74,0.26397904222599466
HU,M,10.413333377341857,13.59,10.62,7.49,6.51,2.63,0.19,2.2199999999999998,1.42,0.2577291989824775
HU,N,6.033983654708241,0.7999999999999998,2.02,1.3099999999999998,0.43999999999999995,-1.09,-0.4,-0.14,-0.3999999999999999,0.2876194997318744
IE,C,27.902034587825824,8.680000000000001,4.6000000000000005,3.0700000000000003,1.6600000000000001,-0.5100000000000007,1.46,2.33,3.3499999999999996,0.040455194261856064
IE,F,24.19058904107861,5.970000000000001,3.34,0.62,2.51,1.46,0.69,0.63,2.83,0.34778111738732864
IE,G,1.9310000874616549,6.590000000000001,2.5700000000000003,1.23,1.3900000000000001,1.41,2.13,1.9100000000000001,1.25,0.026458675484798633
IE,I,2.5526780136524216,0.4400000000000004,2.37,1.5899999999999999,2.13,0.93,0.06,-0.009999999999999787,0.15000000000000002,0.08351978639648472
IE,J,257.05767068968566,16.67,12.329999999999998,7.790000000000001,3.9800000000000004,9.96,4.74,10.08,2.4299999999999997,0.35649126200644154
IE,M,37.555172588162776,13.66,14.580000000000002,8.22,8.83,3.4499999999999997,-1.5699999999999998,8.76,1.4300000000000002,0.24734625174611846
IE,N,9.808008127354597,12.58,12.49,8.73,7.989999999999999,1.7199999999999998,-2.0700000000000003,9.18,10.27,0.18136828702223395
IT,C,7.301956520737747,1.3999999999999995,1.9499999999999997,0.8600000000000001,-0.18999999999999995,-1.12,-0.06000000000000005,1.31,0.08000000000000007,0.08475692155719816
IT,F,12.499944165513021,0.0,0.41999999999999993,0.33000000000000007,-0.25,0.10999999999999988,-0.75,0.39,-0.8999999999999999,0.18722061430392678
IT,G,2.5085103815131475,2.630000000000001,2.6,1.54,0.22999999999999998,-0.13,-0.10999999999999999,1.08,-1.2799999999999998,0.03559538362152903
IT,H,14.31124358672163,2.2100000000000004,1.98,0.5900000000000001,0.2300000000000002,0.29999999999999993,0.4900000000000001,1.1999999999999997,0.6599999999999999,0.22517007387362575
IT,I,11.129577544803297,-2.0900000000000003,-0.77,0.8999999999999999,0.5099999999999999,,-0.33,1.42,-0.35,0.3564050053370016
IT,J,1.4947611398635559,18.41,15.260000000000002,13.27,4.88,5.96,-0.19999999999999996,7.02,5.4,0.014132289514330765
IT,M,4.0820892869028285,10.879999999999999,10.96,5.99,4.41,2.9,0.12,4.550000000000001,1.1,0.05088452603846516
IT,N,4.352115371467029,1.5,1.9899999999999998,2.92,0.7100000000000001,0.19999999999999996,0.09,1.2,-0.1399999999999999,0.11598186271423794
LT,C,7.463705974808121,3.750000000000001,3.83,2.23,1.02,-0.2599999999999998,0.06999999999999995,1.27,-0.08000000000000007,0.19078870682654925
LT,F,13.467595726641253,2.3099999999999996,2.04,1.14,0.54,0.28,0.16,0.32,-0.28,0.46554374147742195
LT,G,4.51610830767342,4.89,4.2700000000000005,2.62,2.2399999999999998,0.47000000000000003,1.33,2.51,-0.030000000000000027,0.1254079562652488
LT,H,7.7778622363266265,1.12,-0.06000000000000005,0.24999999999999997,-1.0699999999999998,0.39,-0.19999999999999996,0.8299999999999998,0.64,0.23254405734707317
LT,I,6.143402481350419,0.41999999999999993,0.30000000000000027,0.29000000000000004,-0.19999999999999996,-0.26,0.93,0.8599999999999999,1.8599999999999999,0.36949528418373134
LT,J,26.248542829641316,23.13,24.799999999999997,21.730000000000004,18.879999999999995,5.360000000000001,-1.15,5.66,7.890000000000001,0.4222791925467946
LT,M,10.217664956946862,8.93,7.0600000000000005,7.140000000000001,5.79,1.3099999999999998,0.13,4.5,0.33000000000000007,0.25233269297445027
LT,N,8.289000184365918,3.710000000000001,0.03000000000000025,-1.9500000000000002,5.01,0.7799999999999998,-0.020000000000000018,-0.3999999999999999,-0.029999999999999805,0.3516920864295998
LU,F,6.708308665415018,7.799999999999999,2.67,1.7600000000000002,0.9500000000000001,-0.10999999999999999,0.03,0.74,-0.45,0.0996320259459802
LU,H,-48.64824752366047,4.449999999999999,2.8200000000000003,4.12,2.6399999999999997,-0.5299999999999998,2.58,0.3999999999999999,2.94,-0.3710374152421423
LU,J,-1.6555639744013888,19.999999999999996,19.099999999999998,15.6,7.51,7.0,0.30000000000000004,6.3,7.220000000000001,-0.010145435134080394
LU,N,11.058005869971211,9.55,5.839999999999999,4.35,2.7800000000000002,2.2199999999999998,-1.01,1.85,1.3999999999999995,0.19964483921307563
LV,C,3.177802480060734,5.780000000000001,3.72,2.15,1.5,1.7199999999999998,0.51,2.7600000000000002,1.7000000000000002,0.09027270492177397
LV,F,10.410588613376447,1.9600000000000004,0.27,-1.11,0.41000000000000003,-0.84,0.63,-0.18999999999999995,-0.8200000000000001,0.4272998427406134
LV,G,5.801062898250446,3.66,1.4400000000000002,0.43000000000000005,-0.3899999999999999,0.24999999999999994,0.72,3.8800000000000003,-0.3900000000000001,0.18298782903323874
LV,H,6.337817801056083,1.7400000000000002,1.9,0.5700000000000003,-1.73,-0.7,-0.16000000000000014,-1.33,-0.6699999999999999,0.252053689991377
LV,I,8.685783321107795,1.06,1.01,0.0,1.01,-0.14,0.0,0.24,0.24,0.6129874151478498
LV,J,11.651876824664718,23.67,16.78,8.1,8.120000000000001,10.129999999999999,0.41999999999999993,12.19,2.719999999999999,0.23166743351503039
LV,M,8.061851448351476,14.180000000000001,7.93,5.24,3.8100000000000005,2.3299999999999996,0.22999999999999998,5.029999999999999,3.5600000000000005,0.2102857810494938
MT,C,4.426331770832796,7.43,2.61,1.1099999999999999,2.6599999999999997,2.0399999999999996,1.1199999999999999,2.54,0.79,0.09052963167772354
MT,F,1.7037934291671135,1.7399999999999993,-1.27,0.0,-0.73,0.0,1.6,-0.65,1.1900000000000002,0.04673282649880939
MT,G,7.090621345581148,3.0900000000000007,1.69,-0.30000000000000004,1.5,-0.8899999999999997,0.040000000000000036,1.7000000000000002,-0.31000000000000005,0.17180620381469325
MT,H,36.543388380212676,5.629999999999999,2.4399999999999995,4.23,2.05,-0.9100000000000001,2.6100000000000003,2.33,0.6500000000000004,0.5023825462371914
MT,I,16.019847587161433,1.9200000000000008,0.7599999999999998,-0.5700000000000003,0.7999999999999998,-1.9899999999999998,-0.8400000000000001,0.8600000000000003,-0.3700000000000001,0.608306471808592
MT,J,52.66888401224597,29.72,20.05,16.39,16.72,14.57,0.65,14.42,12.59,0.31387679757211995
MT,N,1.8727461395166713,8.41,2.3899999999999997,1.3399999999999999,1.7800000000000002,2.4299999999999997,-0.20999999999999996,5.919999999999999,0.2999999999999998,0.07471359470275019
NL,C,17.665240182774653,5.610000000000001,3.91,2.0900000000000003,-2.8099999999999996,-2.5600000000000005,-1.5699999999999998,2.6700000000000004,-0.9299999999999997,0.12466239270544932
NL,F,14.575781186706905,1.490000000000001,1.2199999999999998,1.38,-1.4800000000000002,-0.26,-0.6699999999999999,0.8699999999999999,0.1499999999999999,0.15494206367283603
NL,G,2.2340952945333328,11.11,6.449999999999999,3.16,-1.08,-0.5899999999999999,-2.27,6.02,-0.23000000000000043,0.029585403571632085
NL,H,17.56736703748693,-0.4900000000000002,0.5200000000000005,0.3999999999999999,-0.6200000000000001,-0.29000000000000004,-2.1300000000000003,1.4200000000000002,-1.5999999999999996,0.1920417451106733
NL,I,9.624884431629273,4.079999999999999,2.9899999999999998,1.08,-1.1099999999999999,-0.3500000000000001,0.08999999999999997,1.4499999999999997,-0.53,0.33313239488611535
NL,J,24.93097532718943,25.980000000000004,22.809999999999995,16.939999999999998,9.49,7.639999999999999,0.30000000000000027,11.479999999999999,6.18,0.19410067720865065
NL,L,-40.43427246662429,11.2,5.51,2.17,-2.0199999999999996,3.67,0.18,8.51,2.93,-0.1503588131043676
NL,M,9.685589019570273,19.73,15.129999999999999,7.8999999999999995,1.8499999999999996,1.6099999999999994,-0.1499999999999999,5.609999999999999,1.9500000000000002,0.09970518858404542
NL,N,16.286467410006622,11.97,7.87,3.17,0.040000000000000036,0.36999999999999966,-0.5099999999999999,4.419999999999999,0.029999999999999805,0.27955091425017375
PL,C,10.552996610708966,2.8,1.46,0.7799999999999999,1.1300000000000001,0.5,0.20999999999999996,1.2100000000000002,1.37,0.2531529605898877
PL,F,14.990837614895327,1.6599999999999997,1.04,0.15,0.45999999999999996,0.29,0.45999999999999996,0.39999999999999997,0.55,0.39231812764625174
PL,G,10.178266396814472,2.44,1.4500000000000002,0.5599999999999999,1.0499999999999998,0.52,-0.20000000000000007,0.8700000000000001,1.25,0.2574263160861383
PL,H,15.852961582558653,0.6099999999999999,0.6699999999999999,0.30000000000000004,0.26,0.28,0.45,0.42,0.78,0.4691318784687577
PL,I,16.620790061688353,1.4400000000000002,0.38,0.24,0.18000000000000005,0.14,0.02,1.0499999999999998,-0.16000000000000003,0.7025303253750868
PL,J,19.86207902763568,16.28,9.41,4.950000000000001,3.8100000000000005,10.030000000000001,1.11,7.5600000000000005,8.72,0.29294521254083694
PL,L,23.36296327341551,2.26,0.7799999999999999,0.3,0.48,0.44999999999999996,0.04,1.53,0.26,0.3842374504862405
PL,M,12.157570348180876,7.969999999999999,4.76,3.4099999999999997,3.24,3.9300000000000006,0.16,3.7199999999999998,3.65,0.2938709632303693
PL,N,14.101160436720068,3.5599999999999996,2.28,1.0899999999999999,1.42,3.15,1.06,0.98,0.8300000000000001,0.4892010716222157
PT,C,6.6376857248479695,-1.7999999999999998,0.6599999999999997,0.62,-0.18999999999999995,-1.42,-0.09999999999999987,-0.6099999999999999,-1.27,0.16249789026574968
PT,F,5.3532310031094354,1.6800000000000002,2.07,0.12,-0.22,-0.28,0.0,1.0499999999999998,0.08000000000000002,0.17512281764490023
PT,G,6.140185674476918,-0.8600000000000003,-0.8500000000000001,1.56,-0.47,-1.17,-0.6099999999999999,0.41999999999999993,-1.5699999999999998,0.15991691473676983
PT,H,18.2334113984872,-2.4799999999999995,0.77,-0.19000000000000006,-3.54,-0.98,-0.33000000000000007,-1.2199999999999998,-0.42999999999999994,0.3866181208793069
PT,I,10.384767902599794,2.1799999999999997,2.63,1.8099999999999998,-0.4900000000000002,1.17,-0.27999999999999997,0.33999999999999986,1.29,0.448959081789587
PT,N,4.6298052386222075,2.0999999999999996,-2.37,1.4500000000000002,3.91,-2.58,-0.08000000000000002,-2.13,0.7999999999999998,0.22203223322560817
RO,C,7.355366462973386,0.020000000000000018,0.19999999999999996,-0.14999999999999997,-0.020000000000000018,-0.3400000000000001,-0.05000000000000002,-0.08999999999999997,-0.22999999999999998,0.2574877027925737
RO,F,17.154100160583585,0.13,0.12,0.03,0.03,0.07,0.06,0.02,0.06999999999999999,0.6251969721380575
RO,G,1.1703280272562608,3.03,1.4300000000000002,0.43999999999999995,0.16000000000000003,0.76,-0.02999999999999997,1.6300000000000001,0.52,0.034548246190045706
RO,H,8.533867799269746,2.42,2.38,1.77,0.6100000000000001,1.16,0.51,0.53,1.74,0.37262807624210614
RO,I,6.346147176106001,-0.19,0.03,0.03,0.06,0.0,0.0,0.06,0.03,0.3854024375027856
RO,J,12.017520464554572,6.889999999999999,7.73,5.74,6.42,5.0600000000000005,2.13,2.9400000000000004,2.1700000000000004,0.2396696364880455
RO,L,24.12885772620014,3.42,3.59,0.0,3.17,0.0,0.0,0.0,-0.18,0.4165789377803222
RO,M,12.31829785763739,2.380000000000001,-0.07000000000000028,-0.1200000000000001,-0.3900000000000001,2.6,-1.0999999999999999,-2.29,-2.19,0.37374991491523213
RO,N,5.839456482370384,2.26,2.24,0.75,0.5299999999999999,0.59,-0.020000000000000004,1.85,0.23,0.33737523164102967
SE,C,11.854300749252332,10.62,6.800000000000001,2.1,2.1100000000000003,0.6499999999999999,0.56,2.21,-0.1299999999999999,0.10140866359105072
SE,F,8.369493878123222,10.83,2.84,2.84,0.2599999999999999,-0.05000000000000002,-0.07999999999999999,3.96,-0.43999999999999995,0.11397915803935454
SE,G,-1.711500795318642,10.629999999999999,5.41,5.34,3.2199999999999998,0.5100000000000002,-0.020000000000000018,10.33,-0.4299999999999997,-0.022241161470009985
SE,H,7.976696658632946,11.829999999999998,6.85,3.3499999999999996,2.07,-2.56,-0.5,1.7600000000000002,-0.10000000000000009,0.12672158492659769
SE,I,1.5103956184076779,6.2700000000000005,3.17,1.8200000000000003,2.26,2.43,-0.6599999999999999,3.43,-0.83,0.042581301665097104
SE,J,26.730848282774318,36.75,37.44,23.86,13.47,18.52,1.4200000000000002,17.240000000000002,5.689999999999998,0.19294573994918895
SE,L,48.36499009637788,19.369999999999997,9.03,3.84,2.34,3.66,-0.56,4.49,1.6999999999999997,0.19656842952662945
SE,M,12.223351149296533,37.24,25.47,15.110000000000003,11.169999999999998,6.930000000000001,-1.16,12.440000000000001,0.5300000000000002,0.1474001697321654
SE,N,8.506628422381496,13.049999999999999,8.27,6.09,2.13,4.27,2.03,6.590000000000001,0.9600000000000002,0.18474808278633015
SI,C,3.967825464537462,9.07,7.450000000000001,2.65,1.5100000000000002,3.2800000000000002,1.07,3.6799999999999997,7.65,0.06960899586587832
SI,F,11.176371435040679,7.779999999999999,2.89,2.35,0.78,1.55,1.33,0.6099999999999999,2.9200000000000004,0.27767702091091895
SI,G,6.078461844823856,12.510000000000002,8.56,4.9,1.7000000000000006,1.31,0.6200000000000001,7.57,8.55,0.1120303132962337
SI,H,10.08076753010291,6.449999999999999,1.9700000000000006,2.78,2.32,4.85,7.08,3.5599999999999996,-1.459999999999999,0.17519425249279763
SI,I,10.218294151265006,11.770000000000001,8.04,3.28,4.7,0.37,1.16,4.699999999999999,5.32,0.29500691361313036
SI,J,8.342634167560746,13.29,17.810000000000002,8.09,9.350000000000001,11.34,3.7,6.330000000000002,13.069999999999997,0.10812896760031165
SI,M,6.2655969084473355,11.780000000000001,10.379999999999999,1.85,1.6900000000000004,1.7399999999999993,0.22999999999999998,4.05,-0.9700000000000006,0.10969861050719087
SK,C,5.268482544918335,2.6799999999999997,2.1600000000000006,1.6900000000000002,0.75,-0.5700000000000001,-0.040000000000000036,0.10000000000000009,0.4900000000000001,0.11283398647786091
SK,F,11.004168604602405,4.1899999999999995,3.08,2.06,0.0,-0.95,0.0,0.030000000000000027,0.07,0.335980942030329
SK,G,7.57412467452113,6.7700000000000005,5.7700000000000005,4.75,3.82,1.9299999999999997,0.39,2.9,1.1400000000000001,0.19374126980034356
SK,H,6.032558136218817,1.9900000000000002,1.83,0.5,2.0,0.66,0.12,0.029999999999999805,2.61,0.16478541270864966
SK,I,11.489763051762615,2.52,-0.83,-0.42,1.31,-0.02999999999999997,0.39,-0.43999999999999995,0.39,0.6516170077961654
SK,J,13.594502917374783,11.0,8.790000000000001,7.18,3.51,6.859999999999999,1.42,7.859999999999999,2.7700000000000005,0.18574127089607018
SK,M,11.00099610451408,13.450000000000001,8.389999999999999,5.8,7.69,2.8800000000000003,0.79,4.279999999999999,5.57,0.24467343335463365
SK,N,7.407286888530905,9.770000000000001,7.040000000000001,0.6400000000000001,1.96,0.29000000000000004,0.0,4.61,-0.9300000000000002,0.27543412683307
