variable,missing_panel,missing_balanced,coverage_panel_pct,coverage_balanced_pct
labour_productivity_keur,53,0,92.72976680384087,100.0
ai_any_pct,15,0,97.94238683127573,100.0
ai_ge2_pct,17,2,97.66803840877915,99.68102073365232
ai_ge3_pct,20,12,97.25651577503429,98.08612440191388
ai_workflow_pct,13,3,98.21673525377228,99.52153110047847
ai_production_pct,48,30,93.4156378600823,95.2153110047847
ai_logistics_pct,48,37,93.4156378600823,94.09888357256779
ai_marketing_pct,38,24,94.78737997256516,96.17224880382776
ai_security_pct,51,35,93.00411522633745,94.41786283891547
