,log_productivity,ai_any_pct,ai_ge2_pct,ai_ge3_pct,ai_workflow_pct,ai_production_pct,ai_logistics_pct,ai_marketing_pct,ai_security_pct
log_productivity,1.0,0.5642650724003444,0.4967774464404448,0.46261378225776034,0.5328094262433647,0.5044019882210842,0.41813933784601814,0.4138302011767141,0.43826796228733744
ai_any_pct,0.5642650724003444,1.0,0.9757997249021851,0.9393098641632436,0.913154461574522,0.8696916336382667,0.4506964366459348,0.8996714811153025,0.841707215102307
ai_ge2_pct,0.4967774464404448,0.9757997249021851,1.0,0.9764984408617249,0.9186573013184657,0.8766775483228457,0.4216897336162251,0.9039985162481083,0.8345404959959193
ai_ge3_pct,0.46261378225776034,0.9393098641632436,0.9764984408617249,1.0,0.9069831563935992,0.8662463951282524,0.40501120628836373,0.8900938676832904,0.8032016158423299
ai_workflow_pct,0.5328094262433647,0.913154461574522,0.9186573013184657,0.9069831563935992,1.0,0.8392966424087025,0.4720074921227756,0.8173530430020601,0.7713142877929808
ai_production_pct,0.5044019882210842,0.8696916336382667,0.8766775483228457,0.8662463951282524,0.8392966424087025,1.0,0.4129450522688238,0.8348669490948541,0.7544647225510804
ai_logistics_pct,0.41813933784601814,0.4506964366459348,0.4216897336162251,0.40501120628836373,0.4720074921227756,0.4129450522688238,1.0,0.3833432015147823,0.465913277610779
ai_marketing_pct,0.4138302011767141,0.8996714811153025,0.9039985162481083,0.8900938676832904,0.8173530430020601,0.8348669490948541,0.3833432015147823,1.0,0.7776539886310467
ai_security_pct,0.43826796228733744,0.841707215102307,0.8345404959959193,0.8032016158423299,0.7713142877929808,0.7544647225510804,0.465913277610779,0.7776539886310467,1.0
